[2026-06-18 06:59:57] local.ERROR: The C:\Users\josec\OneDrive\Escritorio\Aplicacion_web\Genesis_profesional\bootstrap\cache directory must be present and writable. {"exception":"[object] (Exception(code: 0): The C:\\Users\\josec\\OneDrive\\Escritorio\\Aplicacion_web\\Genesis_profesional\\bootstrap\\cache directory must be present and writable. at C:/Users/josec/OneDrive/Escritorio/Aplicacion_web/Genesis_profesional/vendor/laravel/framework/src/Illuminate/Foundation/PackageManifest.php:179)
[stacktrace]
#0 C:/Users/josec/OneDrive/Escritorio/Aplicacion_web/Genesis_profesional/vendor/laravel/framework/src/Illuminate/Foundation/PackageManifest.php(132): Illuminate/Foundation/PackageManifest->write(Array)
#1 C:/Users/josec/OneDrive/Escritorio/Aplicacion_web/Genesis_profesional/vendor/laravel/framework/src/Illuminate/Foundation/PackageManifest.php(108): Illuminate/Foundation/PackageManifest->build()
#2 C:/Users/josec/OneDrive/Escritorio/Aplicacion_web/Genesis_profesional/vendor/laravel/framework/src/Illuminate/Foundation/PackageManifest.php(90): Illuminate/Foundation/PackageManifest->getManifest()
#3 C:/Users/josec/OneDrive/Escritorio/Aplicacion_web/Genesis_profesional/vendor/laravel/framework/src/Illuminate/Foundation/PackageManifest.php(79): Illuminate/Foundation/PackageManifest->config('aliases')
#4 C:/Users/josec/OneDrive/Escritorio/Aplicacion_web/Genesis_profesional/vendor/laravel/framework/src/Illuminate/Foundation/Bootstrap/RegisterFacades.php(26): Illuminate/Foundation/PackageManifest->aliases()
#5 C:/Users/josec/OneDrive/Escritorio/Aplicacion_web/Genesis_profesional/vendor/laravel/framework/src/Illuminate/Foundation/Application.php(342): Illuminate/Foundation/Bootstrap/RegisterFacades->bootstrap(Object(Illuminate/Foundation/Application))
#6 C:/Users/josec/OneDrive/Escritorio/Aplicacion_web/Genesis_profesional/vendor/laravel/framework/src/Illuminate/Foundation/Console/Kernel.php(494): Illuminate/Foundation/Application->bootstrapWith(Array)
#7 C:/Users/josec/OneDrive/Escritorio/Aplicacion_web/Genesis_profesional/vendor/laravel/framework/src/Illuminate/Foundation/Console/Kernel.php(196): Illuminate/Foundation/Console/Kernel->bootstrap()
#8 C:/Users/josec/OneDrive/Escritorio/Aplicacion_web/Genesis_profesional/vendor/laravel/framework/src/Illuminate/Foundation/Application.php(1235): Illuminate/Foundation/Console/Kernel->handle(Object(Symfony/Component/Console/Input/ArgvInput), Object(Symfony/Component/Console/Output/ConsoleOutput))
#9 C:/Users/josec/OneDrive/Escritorio/Aplicacion_web/Genesis_profesional/artisan(16): Illuminate/Foundation/Application->handleCommand(Object(Symfony/Component/Console/Input/ArgvInput))
#10 {main}
"} 
[2026-06-18 07:00:11] local.ERROR: The C:\Users\josec\OneDrive\Escritorio\Aplicacion_web\Genesis_profesional\bootstrap\cache directory must be present and writable. {"exception":"[object] (Exception(code: 0): The C:\\Users\\josec\\OneDrive\\Escritorio\\Aplicacion_web\\Genesis_profesional\\bootstrap\\cache directory must be present and writable. at C:/Users/josec/OneDrive/Escritorio/Aplicacion_web/Genesis_profesional/vendor/laravel/framework/src/Illuminate/Foundation/PackageManifest.php:179)
[stacktrace]
#0 C:/Users/josec/OneDrive/Escritorio/Aplicacion_web/Genesis_profesional/vendor/laravel/framework/src/Illuminate/Foundation/PackageManifest.php(132): Illuminate/Foundation/PackageManifest->write(Array)
#1 C:/Users/josec/OneDrive/Escritorio/Aplicacion_web/Genesis_profesional/vendor/laravel/framework/src/Illuminate/Foundation/PackageManifest.php(108): Illuminate/Foundation/PackageManifest->build()
#2 C:/Users/josec/OneDrive/Escritorio/Aplicacion_web/Genesis_profesional/vendor/laravel/framework/src/Illuminate/Foundation/PackageManifest.php(90): Illuminate/Foundation/PackageManifest->getManifest()
#3 C:/Users/josec/OneDrive/Escritorio/Aplicacion_web/Genesis_profesional/vendor/laravel/framework/src/Illuminate/Foundation/PackageManifest.php(79): Illuminate/Foundation/PackageManifest->config('aliases')
#4 C:/Users/josec/OneDrive/Escritorio/Aplicacion_web/Genesis_profesional/vendor/laravel/framework/src/Illuminate/Foundation/Bootstrap/RegisterFacades.php(26): Illuminate/Foundation/PackageManifest->aliases()
#5 C:/Users/josec/OneDrive/Escritorio/Aplicacion_web/Genesis_profesional/vendor/laravel/framework/src/Illuminate/Foundation/Application.php(342): Illuminate/Foundation/Bootstrap/RegisterFacades->bootstrap(Object(Illuminate/Foundation/Application))
#6 C:/Users/josec/OneDrive/Escritorio/Aplicacion_web/Genesis_profesional/vendor/laravel/framework/src/Illuminate/Foundation/Console/Kernel.php(494): Illuminate/Foundation/Application->bootstrapWith(Array)
#7 C:/Users/josec/OneDrive/Escritorio/Aplicacion_web/Genesis_profesional/vendor/laravel/framework/src/Illuminate/Foundation/Console/Kernel.php(196): Illuminate/Foundation/Console/Kernel->bootstrap()
#8 C:/Users/josec/OneDrive/Escritorio/Aplicacion_web/Genesis_profesional/vendor/laravel/framework/src/Illuminate/Foundation/Application.php(1235): Illuminate/Foundation/Console/Kernel->handle(Object(Symfony/Component/Console/Input/ArgvInput), Object(Symfony/Component/Console/Output/ConsoleOutput))
#9 C:/Users/josec/OneDrive/Escritorio/Aplicacion_web/Genesis_profesional/artisan(16): Illuminate/Foundation/Application->handleCommand(Object(Symfony/Component/Console/Input/ArgvInput))
#10 {main}
"} 
[2026-06-18 07:13:09] local.ERROR: Database file at path [C:\Users\josec\OneDrive\Escritorio\Aplicacion_web\Genesis_profesional\database\database.sqlite] does not exist. Ensure this is an absolute path to the database. (Connection: sqlite, Database: C:\Users\josec\OneDrive\Escritorio\Aplicacion_web\Genesis_profesional\database\database.sqlite, SQL: select * from "sessions" where "id" = pVLYyL6mMiiIvwG1ba3GHSAz08E0WSkpmee7vm50 limit 1) {"exception":"[object] (Illuminate\\Database\\QueryException(code: 0): Database file at path [C:\\Users\\josec\\OneDrive\\Escritorio\\Aplicacion_web\\Genesis_profesional\\database\\database.sqlite] does not exist. Ensure this is an absolute path to the database. (Connection: sqlite, Database: C:\\Users\\josec\\OneDrive\\Escritorio\\Aplicacion_web\\Genesis_profesional\\database\\database.sqlite, SQL: select * from \"sessions\" where \"id\" = pVLYyL6mMiiIvwG1ba3GHSAz08E0WSkpmee7vm50 limit 1) at C:/Users/josec/OneDrive/Escritorio/Aplicacion_web/Genesis_profesional/vendor/laravel/framework/src/Illuminate/Database/Connection.php:838)
[stacktrace]
#0 C:/Users/josec/OneDrive/Escritorio/Aplicacion_web/Genesis_profesional/vendor/laravel/framework/src/Illuminate/Database/Connection.php(794): Illuminate/Database/Connection->runQueryCallback('select * from \"...', Array, Object(Closure))
#1 C:/Users/josec/OneDrive/Escritorio/Aplicacion_web/Genesis_profesional/vendor/laravel/framework/src/Illuminate/Database/Connection.php(411): Illuminate/Database/Connection->run('select * from \"...', Array, Object(Closure))
#2 C:/Users/josec/OneDrive/Escritorio/Aplicacion_web/Genesis_profesional/vendor/laravel/framework/src/Illuminate/Database/Query/Builder.php(3505): Illuminate/Database/Connection->select('select * from \"...', Array, false)
#3 C:/Users/josec/OneDrive/Escritorio/Aplicacion_web/Genesis_profesional/vendor/laravel/framework/src/Illuminate/Database/Query/Builder.php(3490): Illuminate/Database/Query/Builder->runSelect()
#4 C:/Users/josec/OneDrive/Escritorio/Aplicacion_web/Genesis_profesional/vendor/laravel/framework/src/Illuminate/Database/Query/Builder.php(4080): Illuminate/Database/Query/Builder->Illuminate/Database/Query/{closure}()
#5 C:/Users/josec/OneDrive/Escritorio/Aplicacion_web/Genesis_profesional/vendor/laravel/framework/src/Illuminate/Database/Query/Builder.php(3489): Illuminate/Database/Query/Builder->onceWithColumns(Array, Object(Closure))
#6 C:/Users/josec/OneDrive/Escritorio/Aplicacion_web/Genesis_profesional/vendor/laravel/framework/src/Illuminate/Database/Concerns/BuildsQueries.php(366): Illuminate/Database/Query/Builder->get(Array)
#7 C:/Users/josec/OneDrive/Escritorio/Aplicacion_web/Genesis_profesional/vendor/laravel/framework/src/Illuminate/Database/Query/Builder.php(3412): Illuminate/Database/Query/Builder->first(Array)
#8 C:/Users/josec/OneDrive/Escritorio/Aplicacion_web/Genesis_profesional/vendor/laravel/framework/src/Illuminate/Session/DatabaseSessionHandler.php(96): Illuminate/Database/Query/Builder->find('pVLYyL6mMiiIvwG...')
#9 C:/Users/josec/OneDrive/Escritorio/Aplicacion_web/Genesis_profesional/vendor/laravel/framework/src/Illuminate/Session/Store.php(128): Illuminate/Session/DatabaseSessionHandler->read('pVLYyL6mMiiIvwG...')
#10 C:/Users/josec/OneDrive/Escritorio/Aplicacion_web/Genesis_profesional/vendor/laravel/framework/src/Illuminate/Session/Store.php(116): Illuminate/Session/Store->readFromHandler()
#11 C:/Users/josec/OneDrive/Escritorio/Aplicacion_web/Genesis_profesional/vendor/laravel/framework/src/Illuminate/Session/Store.php(100): Illuminate/Session/Store->loadSession()
#12 C:/Users/josec/OneDrive/Escritorio/Aplicacion_web/Genesis_profesional/vendor/laravel/framework/src/Illuminate/Session/Middleware/StartSession.php(146): Illuminate/Session/Store->start()
#13 C:/Users/josec/OneDrive/Escritorio/Aplicacion_web/Genesis_profesional/vendor/laravel/framework/src/Illuminate/Support/helpers.php(393): Illuminate/Session/Middleware/StartSession->Illuminate/Session/Middleware/{closure}(Object(Illuminate/Session/Store))
#14 C:/Users/josec/OneDrive/Escritorio/Aplicacion_web/Genesis_profesional/vendor/laravel/framework/src/Illuminate/Session/Middleware/StartSession.php(143): tap(Object(Illuminate/Session/Store), Object(Closure))
#15 C:/Users/josec/OneDrive/Escritorio/Aplicacion_web/Genesis_profesional/vendor/laravel/framework/src/Illuminate/Session/Middleware/StartSession.php(115): Illuminate/Session/Middleware/StartSession->startSession(Object(Illuminate/Http/Request), Object(Illuminate/Session/Store))
#16 C:/Users/josec/OneDrive/Escritorio/Aplicacion_web/Genesis_profesional/vendor/laravel/framework/src/Illuminate/Session/Middleware/StartSession.php(63): Illuminate/Session/Middleware/StartSession->handleStatefulRequest(Object(Illuminate/Http/Request), Object(Illuminate/Session/Store), Object(Closure))
#17 C:/Users/josec/OneDrive/Escritorio/Aplicacion_web/Genesis_profesional/vendor/laravel/framework/src/Illuminate/Pipeline/Pipeline.php(219): Illuminate/Session/Middleware/StartSession->handle(Object(Illuminate/Http/Request), Object(Closure))
#18 C:/Users/josec/OneDrive/Escritorio/Aplicacion_web/Genesis_profesional/vendor/laravel/framework/src/Illuminate/Cookie/Middleware/AddQueuedCookiesToResponse.php(36): Illuminate/Pipeline/Pipeline->Illuminate/Pipeline/{closure}(Object(Illuminate/Http/Request))
#19 C:/Users/josec/OneDrive/Escritorio/Aplicacion_web/Genesis_profesional/vendor/laravel/framework/src/Illuminate/Pipeline/Pipeline.php(219): Illuminate/Cookie/Middleware/AddQueuedCookiesToResponse->handle(Object(Illuminate/Http/Request), Object(Closure))
#20 C:/Users/josec/OneDrive/Escritorio/Aplicacion_web/Genesis_profesional/vendor/laravel/framework/src/Illuminate/Cookie/Middleware/EncryptCookies.php(74): Illuminate/Pipeline/Pipeline->Illuminate/Pipeline/{closure}(Object(Illuminate/Http/Request))
#21 C:/Users/josec/OneDrive/Escritorio/Aplicacion_web/Genesis_profesional/vendor/laravel/framework/src/Illuminate/Pipeline/Pipeline.php(219): Illuminate/Cookie/Middleware/EncryptCookies->handle(Object(Illuminate/Http/Request), Object(Closure))
#22 C:/Users/josec/OneDrive/Escritorio/Aplicacion_web/Genesis_profesional/vendor/laravel/framework/src/Illuminate/Pipeline/Pipeline.php(137): Illuminate/Pipeline/Pipeline->Illuminate/Pipeline/{closure}(Object(Illuminate/Http/Request))
#23 C:/Users/josec/OneDrive/Escritorio/Aplicacion_web/Genesis_profesional/vendor/laravel/framework/src/Illuminate/Routing/Router.php(821): Illuminate/Pipeline/Pipeline->then(Object(Closure))
#24 C:/Users/josec/OneDrive/Escritorio/Aplicacion_web/Genesis_profesional/vendor/laravel/framework/src/Illuminate/Routing/Router.php(800): Illuminate/Routing/Router->runRouteWithinStack(Object(Illuminate/Routing/Route), Object(Illuminate/Http/Request))
#25 C:/Users/josec/OneDrive/Escritorio/Aplicacion_web/Genesis_profesional/vendor/laravel/framework/src/Illuminate/Routing/Router.php(764): Illuminate/Routing/Router->runRoute(Object(Illuminate/Http/Request), Object(Illuminate/Routing/Route))
#26 C:/Users/josec/OneDrive/Escritorio/Aplicacion_web/Genesis_profesional/vendor/laravel/framework/src/Illuminate/Routing/Router.php(753): Illuminate/Routing/Router->dispatchToRoute(Object(Illuminate/Http/Request))
#27 C:/Users/josec/OneDrive/Escritorio/Aplicacion_web/Genesis_profesional/vendor/laravel/framework/src/Illuminate/Foundation/Http/Kernel.php(200): Illuminate/Routing/Router->dispatch(Object(Illuminate/Http/Request))
#28 C:/Users/josec/OneDrive/Escritorio/Aplicacion_web/Genesis_profesional/vendor/laravel/framework/src/Illuminate/Pipeline/Pipeline.php(180): Illuminate/Foundation/Http/Kernel->Illuminate/Foundation/Http/{closure}(Object(Illuminate/Http/Request))
#29 C:/Users/josec/OneDrive/Escritorio/Aplicacion_web/Genesis_profesional/vendor/laravel/framework/src/Illuminate/Foundation/Http/Middleware/TransformsRequest.php(21): Illuminate/Pipeline/Pipeline->Illuminate/Pipeline/{closure}(Object(Illuminate/Http/Request))
#30 C:/Users/josec/OneDrive/Escritorio/Aplicacion_web/Genesis_profesional/vendor/laravel/framework/src/Illuminate/Foundation/Http/Middleware/ConvertEmptyStringsToNull.php(31): Illuminate/Foundation/Http/Middleware/TransformsRequest->handle(Object(Illuminate/Http/Request), Object(Closure))
#31 C:/Users/josec/OneDrive/Escritorio/Aplicacion_web/Genesis_profesional/vendor/laravel/framework/src/Illuminate/Pipeline/Pipeline.php(219): Illuminate/Foundation/Http/Middleware/ConvertEmptyStringsToNull->handle(Object(Illuminate/Http/Request), Object(Closure))
#32 C:/Users/josec/OneDrive/Escritorio/Aplicacion_web/Genesis_profesional/vendor/laravel/framework/src/Illuminate/Foundation/Http/Middleware/TransformsRequest.php(21): Illuminate/Pipeline/Pipeline->Illuminate/Pipeline/{closure}(Object(Illuminate/Http/Request))
#33 C:/Users/josec/OneDrive/Escritorio/Aplicacion_web/Genesis_profesional/vendor/laravel/framework/src/Illuminate/Foundation/Http/Middleware/TrimStrings.php(51): Illuminate/Foundation/Http/Middleware/TransformsRequest->handle(Object(Illuminate/Http/Request), Object(Closure))
#34 C:/Users/josec/OneDrive/Escritorio/Aplicacion_web/Genesis_profesional/vendor/laravel/framework/src/Illuminate/Pipeline/Pipeline.php(219): Illuminate/Foundation/Http/Middleware/TrimStrings->handle(Object(Illuminate/Http/Request), Object(Closure))
#35 C:/Users/josec/OneDrive/Escritorio/Aplicacion_web/Genesis_profesional/vendor/laravel/framework/src/Illuminate/Http/Middleware/ValidatePostSize.php(27): Illuminate/Pipeline/Pipeline->Illuminate/Pipeline/{closure}(Object(Illuminate/Http/Request))
#36 C:/Users/josec/OneDrive/Escritorio/Aplicacion_web/Genesis_profesional/vendor/laravel/framework/src/Illuminate/Pipeline/Pipeline.php(219): Illuminate/Http/Middleware/ValidatePostSize->handle(Object(Illuminate/Http/Request), Object(Closure))
#37 C:/Users/josec/OneDrive/Escritorio/Aplicacion_web/Genesis_profesional/vendor/laravel/framework/src/Illuminate/Foundation/Http/Middleware/PreventRequestsDuringMaintenance.php(109): Illuminate/Pipeline/Pipeline->Illuminate/Pipeline/{closure}(Object(Illuminate/Http/Request))
#38 C:/Users/josec/OneDrive/Escritorio/Aplicacion_web/Genesis_profesional/vendor/laravel/framework/src/Illuminate/Pipeline/Pipeline.php(219): Illuminate/Foundation/Http/Middleware/PreventRequestsDuringMaintenance->handle(Object(Illuminate/Http/Request), Object(Closure))
#39 C:/Users/josec/OneDrive/Escritorio/Aplicacion_web/Genesis_profesional/vendor/laravel/framework/src/Illuminate/Http/Middleware/HandleCors.php(61): Illuminate/Pipeline/Pipeline->Illuminate/Pipeline/{closure}(Object(Illuminate/Http/Request))
#40 C:/Users/josec/OneDrive/Escritorio/Aplicacion_web/Genesis_profesional/vendor/laravel/framework/src/Illuminate/Pipeline/Pipeline.php(219): Illuminate/Http/Middleware/HandleCors->handle(Object(Illuminate/Http/Request), Object(Closure))
#41 C:/Users/josec/OneDrive/Escritorio/Aplicacion_web/Genesis_profesional/vendor/laravel/framework/src/Illuminate/Http/Middleware/TrustProxies.php(58): Illuminate/Pipeline/Pipeline->Illuminate/Pipeline/{closure}(Object(Illuminate/Http/Request))
#42 C:/Users/josec/OneDrive/Escritorio/Aplicacion_web/Genesis_profesional/vendor/laravel/framework/src/Illuminate/Pipeline/Pipeline.php(219): Illuminate/Http/Middleware/TrustProxies->handle(Object(Illuminate/Http/Request), Object(Closure))
#43 C:/Users/josec/OneDrive/Escritorio/Aplicacion_web/Genesis_profesional/vendor/laravel/framework/src/Illuminate/Foundation/Http/Middleware/InvokeDeferredCallbacks.php(22): Illuminate/Pipeline/Pipeline->Illuminate/Pipeline/{closure}(Object(Illuminate/Http/Request))
#44 C:/Users/josec/OneDrive/Escritorio/Aplicacion_web/Genesis_profesional/vendor/laravel/framework/src/Illuminate/Pipeline/Pipeline.php(219): Illuminate/Foundation/Http/Middleware/InvokeDeferredCallbacks->handle(Object(Illuminate/Http/Request), Object(Closure))
#45 C:/Users/josec/OneDrive/Escritorio/Aplicacion_web/Genesis_profesional/vendor/laravel/framework/src/Illuminate/Http/Middleware/ValidatePathEncoding.php(26): Illuminate/Pipeline/Pipeline->Illuminate/Pipeline/{closure}(Object(Illuminate/Http/Request))
#46 C:/Users/josec/OneDrive/Escritorio/Aplicacion_web/Genesis_profesional/vendor/laravel/framework/src/Illuminate/Pipeline/Pipeline.php(219): Illuminate/Http/Middleware/ValidatePathEncoding->handle(Object(Illuminate/Http/Request), Object(Closure))
#47 C:/Users/josec/OneDrive/Escritorio/Aplicacion_web/Genesis_profesional/vendor/laravel/framework/src/Illuminate/Pipeline/Pipeline.php(137): Illuminate/Pipeline/Pipeline->Illuminate/Pipeline/{closure}(Object(Illuminate/Http/Request))
#48 C:/Users/josec/OneDrive/Escritorio/Aplicacion_web/Genesis_profesional/vendor/laravel/framework/src/Illuminate/Foundation/Http/Kernel.php(175): Illuminate/Pipeline/Pipeline->then(Object(Closure))
#49 C:/Users/josec/OneDrive/Escritorio/Aplicacion_web/Genesis_profesional/vendor/laravel/framework/src/Illuminate/Foundation/Http/Kernel.php(144): Illuminate/Foundation/Http/Kernel->sendRequestThroughRouter(Object(Illuminate/Http/Request))
#50 C:/Users/josec/OneDrive/Escritorio/Aplicacion_web/Genesis_profesional/vendor/laravel/framework/src/Illuminate/Foundation/Application.php(1220): Illuminate/Foundation/Http/Kernel->handle(Object(Illuminate/Http/Request))
#51 C:/Users/josec/OneDrive/Escritorio/Aplicacion_web/Genesis_profesional/public/index.php(20): Illuminate/Foundation/Application->handleRequest(Object(Illuminate/Http/Request))
#52 C:/Users/josec/OneDrive/Escritorio/Aplicacion_web/Genesis_profesional/vendor/laravel/framework/src/Illuminate/Foundation/resources/server.php(23): require_once('C://Users//josec//...')
#53 {main}

[previous exception] [object] (Illuminate\\Database\\SQLiteDatabaseDoesNotExistException(code: 0): Database file at path [C:\\Users\\josec\\OneDrive\\Escritorio\\Aplicacion_web\\Genesis_profesional\\database\\database.sqlite] does not exist. Ensure this is an absolute path to the database. at C:/Users/josec/OneDrive/Escritorio/Aplicacion_web/Genesis_profesional/vendor/laravel/framework/src/Illuminate/Database/Connectors/SQLiteConnector.php:60)
[stacktrace]
#0 C:/Users/josec/OneDrive/Escritorio/Aplicacion_web/Genesis_profesional/vendor/laravel/framework/src/Illuminate/Database/Connectors/SQLiteConnector.php(19): Illuminate/Database/Connectors/SQLiteConnector->parseDatabasePath(false)
#1 C:/Users/josec/OneDrive/Escritorio/Aplicacion_web/Genesis_profesional/vendor/laravel/framework/src/Illuminate/Database/Connectors/ConnectionFactory.php(225): Illuminate/Database/Connectors/SQLiteConnector->connect(Array)
#2 [internal function]: Illuminate/Database/Connectors/ConnectionFactory->Illuminate/Database/Connectors/{closure}()
#3 C:/Users/josec/OneDrive/Escritorio/Aplicacion_web/Genesis_profesional/vendor/laravel/framework/src/Illuminate/Database/Connection.php(1257): call_user_func(Object(Closure))
#4 C:/Users/josec/OneDrive/Escritorio/Aplicacion_web/Genesis_profesional/vendor/laravel/framework/src/Illuminate/Database/Connection.php(525): Illuminate/Database/Connection->getPdo()
#5 C:/Users/josec/OneDrive/Escritorio/Aplicacion_web/Genesis_profesional/vendor/laravel/framework/src/Illuminate/Database/Connection.php(420): Illuminate/Database/Connection->getPdoForSelect(false)
#6 C:/Users/josec/OneDrive/Escritorio/Aplicacion_web/Genesis_profesional/vendor/laravel/framework/src/Illuminate/Database/Connection.php(827): Illuminate/Database/Connection->Illuminate/Database/{closure}('select * from \"...', Array)
#7 C:/Users/josec/OneDrive/Escritorio/Aplicacion_web/Genesis_profesional/vendor/laravel/framework/src/Illuminate/Database/Connection.php(794): Illuminate/Database/Connection->runQueryCallback('select * from \"...', Array, Object(Closure))
#8 C:/Users/josec/OneDrive/Escritorio/Aplicacion_web/Genesis_profesional/vendor/laravel/framework/src/Illuminate/Database/Connection.php(411): Illuminate/Database/Connection->run('select * from \"...', Array, Object(Closure))
#9 C:/Users/josec/OneDrive/Escritorio/Aplicacion_web/Genesis_profesional/vendor/laravel/framework/src/Illuminate/Database/Query/Builder.php(3505): Illuminate/Database/Connection->select('select * from \"...', Array, false)
#10 C:/Users/josec/OneDrive/Escritorio/Aplicacion_web/Genesis_profesional/vendor/laravel/framework/src/Illuminate/Database/Query/Builder.php(3490): Illuminate/Database/Query/Builder->runSelect()
#11 C:/Users/josec/OneDrive/Escritorio/Aplicacion_web/Genesis_profesional/vendor/laravel/framework/src/Illuminate/Database/Query/Builder.php(4080): Illuminate/Database/Query/Builder->Illuminate/Database/Query/{closure}()
#12 C:/Users/josec/OneDrive/Escritorio/Aplicacion_web/Genesis_profesional/vendor/laravel/framework/src/Illuminate/Database/Query/Builder.php(3489): Illuminate/Database/Query/Builder->onceWithColumns(Array, Object(Closure))
#13 C:/Users/josec/OneDrive/Escritorio/Aplicacion_web/Genesis_profesional/vendor/laravel/framework/src/Illuminate/Database/Concerns/BuildsQueries.php(366): Illuminate/Database/Query/Builder->get(Array)
#14 C:/Users/josec/OneDrive/Escritorio/Aplicacion_web/Genesis_profesional/vendor/laravel/framework/src/Illuminate/Database/Query/Builder.php(3412): Illuminate/Database/Query/Builder->first(Array)
#15 C:/Users/josec/OneDrive/Escritorio/Aplicacion_web/Genesis_profesional/vendor/laravel/framework/src/Illuminate/Session/DatabaseSessionHandler.php(96): Illuminate/Database/Query/Builder->find('pVLYyL6mMiiIvwG...')
#16 C:/Users/josec/OneDrive/Escritorio/Aplicacion_web/Genesis_profesional/vendor/laravel/framework/src/Illuminate/Session/Store.php(128): Illuminate/Session/DatabaseSessionHandler->read('pVLYyL6mMiiIvwG...')
#17 C:/Users/josec/OneDrive/Escritorio/Aplicacion_web/Genesis_profesional/vendor/laravel/framework/src/Illuminate/Session/Store.php(116): Illuminate/Session/Store->readFromHandler()
#18 C:/Users/josec/OneDrive/Escritorio/Aplicacion_web/Genesis_profesional/vendor/laravel/framework/src/Illuminate/Session/Store.php(100): Illuminate/Session/Store->loadSession()
#19 C:/Users/josec/OneDrive/Escritorio/Aplicacion_web/Genesis_profesional/vendor/laravel/framework/src/Illuminate/Session/Middleware/StartSession.php(146): Illuminate/Session/Store->start()
#20 C:/Users/josec/OneDrive/Escritorio/Aplicacion_web/Genesis_profesional/vendor/laravel/framework/src/Illuminate/Support/helpers.php(393): Illuminate/Session/Middleware/StartSession->Illuminate/Session/Middleware/{closure}(Object(Illuminate/Session/Store))
#21 C:/Users/josec/OneDrive/Escritorio/Aplicacion_web/Genesis_profesional/vendor/laravel/framework/src/Illuminate/Session/Middleware/StartSession.php(143): tap(Object(Illuminate/Session/Store), Object(Closure))
#22 C:/Users/josec/OneDrive/Escritorio/Aplicacion_web/Genesis_profesional/vendor/laravel/framework/src/Illuminate/Session/Middleware/StartSession.php(115): Illuminate/Session/Middleware/StartSession->startSession(Object(Illuminate/Http/Request), Object(Illuminate/Session/Store))
#23 C:/Users/josec/OneDrive/Escritorio/Aplicacion_web/Genesis_profesional/vendor/laravel/framework/src/Illuminate/Session/Middleware/StartSession.php(63): Illuminate/Session/Middleware/StartSession->handleStatefulRequest(Object(Illuminate/Http/Request), Object(Illuminate/Session/Store), Object(Closure))
#24 C:/Users/josec/OneDrive/Escritorio/Aplicacion_web/Genesis_profesional/vendor/laravel/framework/src/Illuminate/Pipeline/Pipeline.php(219): Illuminate/Session/Middleware/StartSession->handle(Object(Illuminate/Http/Request), Object(Closure))
#25 C:/Users/josec/OneDrive/Escritorio/Aplicacion_web/Genesis_profesional/vendor/laravel/framework/src/Illuminate/Cookie/Middleware/AddQueuedCookiesToResponse.php(36): Illuminate/Pipeline/Pipeline->Illuminate/Pipeline/{closure}(Object(Illuminate/Http/Request))
#26 C:/Users/josec/OneDrive/Escritorio/Aplicacion_web/Genesis_profesional/vendor/laravel/framework/src/Illuminate/Pipeline/Pipeline.php(219): Illuminate/Cookie/Middleware/AddQueuedCookiesToResponse->handle(Object(Illuminate/Http/Request), Object(Closure))
#27 C:/Users/josec/OneDrive/Escritorio/Aplicacion_web/Genesis_profesional/vendor/laravel/framework/src/Illuminate/Cookie/Middleware/EncryptCookies.php(74): Illuminate/Pipeline/Pipeline->Illuminate/Pipeline/{closure}(Object(Illuminate/Http/Request))
#28 C:/Users/josec/OneDrive/Escritorio/Aplicacion_web/Genesis_profesional/vendor/laravel/framework/src/Illuminate/Pipeline/Pipeline.php(219): Illuminate/Cookie/Middleware/EncryptCookies->handle(Object(Illuminate/Http/Request), Object(Closure))
#29 C:/Users/josec/OneDrive/Escritorio/Aplicacion_web/Genesis_profesional/vendor/laravel/framework/src/Illuminate/Pipeline/Pipeline.php(137): Illuminate/Pipeline/Pipeline->Illuminate/Pipeline/{closure}(Object(Illuminate/Http/Request))
#30 C:/Users/josec/OneDrive/Escritorio/Aplicacion_web/Genesis_profesional/vendor/laravel/framework/src/Illuminate/Routing/Router.php(821): Illuminate/Pipeline/Pipeline->then(Object(Closure))
#31 C:/Users/josec/OneDrive/Escritorio/Aplicacion_web/Genesis_profesional/vendor/laravel/framework/src/Illuminate/Routing/Router.php(800): Illuminate/Routing/Router->runRouteWithinStack(Object(Illuminate/Routing/Route), Object(Illuminate/Http/Request))
#32 C:/Users/josec/OneDrive/Escritorio/Aplicacion_web/Genesis_profesional/vendor/laravel/framework/src/Illuminate/Routing/Router.php(764): Illuminate/Routing/Router->runRoute(Object(Illuminate/Http/Request), Object(Illuminate/Routing/Route))
#33 C:/Users/josec/OneDrive/Escritorio/Aplicacion_web/Genesis_profesional/vendor/laravel/framework/src/Illuminate/Routing/Router.php(753): Illuminate/Routing/Router->dispatchToRoute(Object(Illuminate/Http/Request))
#34 C:/Users/josec/OneDrive/Escritorio/Aplicacion_web/Genesis_profesional/vendor/laravel/framework/src/Illuminate/Foundation/Http/Kernel.php(200): Illuminate/Routing/Router->dispatch(Object(Illuminate/Http/Request))
#35 C:/Users/josec/OneDrive/Escritorio/Aplicacion_web/Genesis_profesional/vendor/laravel/framework/src/Illuminate/Pipeline/Pipeline.php(180): Illuminate/Foundation/Http/Kernel->Illuminate/Foundation/Http/{closure}(Object(Illuminate/Http/Request))
#36 C:/Users/josec/OneDrive/Escritorio/Aplicacion_web/Genesis_profesional/vendor/laravel/framework/src/Illuminate/Foundation/Http/Middleware/TransformsRequest.php(21): Illuminate/Pipeline/Pipeline->Illuminate/Pipeline/{closure}(Object(Illuminate/Http/Request))
#37 C:/Users/josec/OneDrive/Escritorio/Aplicacion_web/Genesis_profesional/vendor/laravel/framework/src/Illuminate/Foundation/Http/Middleware/ConvertEmptyStringsToNull.php(31): Illuminate/Foundation/Http/Middleware/TransformsRequest->handle(Object(Illuminate/Http/Request), Object(Closure))
#38 C:/Users/josec/OneDrive/Escritorio/Aplicacion_web/Genesis_profesional/vendor/laravel/framework/src/Illuminate/Pipeline/Pipeline.php(219): Illuminate/Foundation/Http/Middleware/ConvertEmptyStringsToNull->handle(Object(Illuminate/Http/Request), Object(Closure))
#39 C:/Users/josec/OneDrive/Escritorio/Aplicacion_web/Genesis_profesional/vendor/laravel/framework/src/Illuminate/Foundation/Http/Middleware/TransformsRequest.php(21): Illuminate/Pipeline/Pipeline->Illuminate/Pipeline/{closure}(Object(Illuminate/Http/Request))
#40 C:/Users/josec/OneDrive/Escritorio/Aplicacion_web/Genesis_profesional/vendor/laravel/framework/src/Illuminate/Foundation/Http/Middleware/TrimStrings.php(51): Illuminate/Foundation/Http/Middleware/TransformsRequest->handle(Object(Illuminate/Http/Request), Object(Closure))
#41 C:/Users/josec/OneDrive/Escritorio/Aplicacion_web/Genesis_profesional/vendor/laravel/framework/src/Illuminate/Pipeline/Pipeline.php(219): Illuminate/Foundation/Http/Middleware/TrimStrings->handle(Object(Illuminate/Http/Request), Object(Closure))
#42 C:/Users/josec/OneDrive/Escritorio/Aplicacion_web/Genesis_profesional/vendor/laravel/framework/src/Illuminate/Http/Middleware/ValidatePostSize.php(27): Illuminate/Pipeline/Pipeline->Illuminate/Pipeline/{closure}(Object(Illuminate/Http/Request))
#43 C:/Users/josec/OneDrive/Escritorio/Aplicacion_web/Genesis_profesional/vendor/laravel/framework/src/Illuminate/Pipeline/Pipeline.php(219): Illuminate/Http/Middleware/ValidatePostSize->handle(Object(Illuminate/Http/Request), Object(Closure))
#44 C:/Users/josec/OneDrive/Escritorio/Aplicacion_web/Genesis_profesional/vendor/laravel/framework/src/Illuminate/Foundation/Http/Middleware/PreventRequestsDuringMaintenance.php(109): Illuminate/Pipeline/Pipeline->Illuminate/Pipeline/{closure}(Object(Illuminate/Http/Request))
#45 C:/Users/josec/OneDrive/Escritorio/Aplicacion_web/Genesis_profesional/vendor/laravel/framework/src/Illuminate/Pipeline/Pipeline.php(219): Illuminate/Foundation/Http/Middleware/PreventRequestsDuringMaintenance->handle(Object(Illuminate/Http/Request), Object(Closure))
#46 C:/Users/josec/OneDrive/Escritorio/Aplicacion_web/Genesis_profesional/vendor/laravel/framework/src/Illuminate/Http/Middleware/HandleCors.php(61): Illuminate/Pipeline/Pipeline->Illuminate/Pipeline/{closure}(Object(Illuminate/Http/Request))
#47 C:/Users/josec/OneDrive/Escritorio/Aplicacion_web/Genesis_profesional/vendor/laravel/framework/src/Illuminate/Pipeline/Pipeline.php(219): Illuminate/Http/Middleware/HandleCors->handle(Object(Illuminate/Http/Request), Object(Closure))
#48 C:/Users/josec/OneDrive/Escritorio/Aplicacion_web/Genesis_profesional/vendor/laravel/framework/src/Illuminate/Http/Middleware/TrustProxies.php(58): Illuminate/Pipeline/Pipeline->Illuminate/Pipeline/{closure}(Object(Illuminate/Http/Request))
#49 C:/Users/josec/OneDrive/Escritorio/Aplicacion_web/Genesis_profesional/vendor/laravel/framework/src/Illuminate/Pipeline/Pipeline.php(219): Illuminate/Http/Middleware/TrustProxies->handle(Object(Illuminate/Http/Request), Object(Closure))
#50 C:/Users/josec/OneDrive/Escritorio/Aplicacion_web/Genesis_profesional/vendor/laravel/framework/src/Illuminate/Foundation/Http/Middleware/InvokeDeferredCallbacks.php(22): Illuminate/Pipeline/Pipeline->Illuminate/Pipeline/{closure}(Object(Illuminate/Http/Request))
#51 C:/Users/josec/OneDrive/Escritorio/Aplicacion_web/Genesis_profesional/vendor/laravel/framework/src/Illuminate/Pipeline/Pipeline.php(219): Illuminate/Foundation/Http/Middleware/InvokeDeferredCallbacks->handle(Object(Illuminate/Http/Request), Object(Closure))
#52 C:/Users/josec/OneDrive/Escritorio/Aplicacion_web/Genesis_profesional/vendor/laravel/framework/src/Illuminate/Http/Middleware/ValidatePathEncoding.php(26): Illuminate/Pipeline/Pipeline->Illuminate/Pipeline/{closure}(Object(Illuminate/Http/Request))
#53 C:/Users/josec/OneDrive/Escritorio/Aplicacion_web/Genesis_profesional/vendor/laravel/framework/src/Illuminate/Pipeline/Pipeline.php(219): Illuminate/Http/Middleware/ValidatePathEncoding->handle(Object(Illuminate/Http/Request), Object(Closure))
#54 C:/Users/josec/OneDrive/Escritorio/Aplicacion_web/Genesis_profesional/vendor/laravel/framework/src/Illuminate/Pipeline/Pipeline.php(137): Illuminate/Pipeline/Pipeline->Illuminate/Pipeline/{closure}(Object(Illuminate/Http/Request))
#55 C:/Users/josec/OneDrive/Escritorio/Aplicacion_web/Genesis_profesional/vendor/laravel/framework/src/Illuminate/Foundation/Http/Kernel.php(175): Illuminate/Pipeline/Pipeline->then(Object(Closure))
#56 C:/Users/josec/OneDrive/Escritorio/Aplicacion_web/Genesis_profesional/vendor/laravel/framework/src/Illuminate/Foundation/Http/Kernel.php(144): Illuminate/Foundation/Http/Kernel->sendRequestThroughRouter(Object(Illuminate/Http/Request))
#57 C:/Users/josec/OneDrive/Escritorio/Aplicacion_web/Genesis_profesional/vendor/laravel/framework/src/Illuminate/Foundation/Application.php(1220): Illuminate/Foundation/Http/Kernel->handle(Object(Illuminate/Http/Request))
#58 C:/Users/josec/OneDrive/Escritorio/Aplicacion_web/Genesis_profesional/public/index.php(20): Illuminate/Foundation/Application->handleRequest(Object(Illuminate/Http/Request))
#59 C:/Users/josec/OneDrive/Escritorio/Aplicacion_web/Genesis_profesional/vendor/laravel/framework/src/Illuminate/Foundation/resources/server.php(23): require_once('C://Users//josec//...')
#60 {main}
"} 
[2026-06-18 07:13:58] local.ERROR: Maximum execution time of 60 seconds exceeded {"exception":"[object] (Symfony\\Component\\ErrorHandler\\Error\\FatalError(code: 0): Maximum execution time of 60 seconds exceeded at C:/Users/josec/OneDrive/Escritorio/Aplicacion_web/Genesis_profesional/vendor/composer/ClassLoader.php:429)
[stacktrace]
#0 {main}
"} 
[2026-06-18 07:14:30] local.ERROR: Database file at path [C:\Users\josec\OneDrive\Escritorio\Aplicacion_web\Genesis_profesional\database\database.sqlite] does not exist. Ensure this is an absolute path to the database. (Connection: sqlite, Database: C:\Users\josec\OneDrive\Escritorio\Aplicacion_web\Genesis_profesional\database\database.sqlite, SQL: select * from "sessions" where "id" = nKYKW0Pj52pU8bWzdvapt3c8t5mRti2joYU51NYt limit 1) {"exception":"[object] (Illuminate\\Database\\QueryException(code: 0): Database file at path [C:\\Users\\josec\\OneDrive\\Escritorio\\Aplicacion_web\\Genesis_profesional\\database\\database.sqlite] does not exist. Ensure this is an absolute path to the database. (Connection: sqlite, Database: C:\\Users\\josec\\OneDrive\\Escritorio\\Aplicacion_web\\Genesis_profesional\\database\\database.sqlite, SQL: select * from \"sessions\" where \"id\" = nKYKW0Pj52pU8bWzdvapt3c8t5mRti2joYU51NYt limit 1) at C:/Users/josec/OneDrive/Escritorio/Aplicacion_web/Genesis_profesional/vendor/laravel/framework/src/Illuminate/Database/Connection.php:838)
[stacktrace]
#0 C:/Users/josec/OneDrive/Escritorio/Aplicacion_web/Genesis_profesional/vendor/laravel/framework/src/Illuminate/Database/Connection.php(794): Illuminate/Database/Connection->runQueryCallback('select * from \"...', Array, Object(Closure))
#1 C:/Users/josec/OneDrive/Escritorio/Aplicacion_web/Genesis_profesional/vendor/laravel/framework/src/Illuminate/Database/Connection.php(411): Illuminate/Database/Connection->run('select * from \"...', Array, Object(Closure))
#2 C:/Users/josec/OneDrive/Escritorio/Aplicacion_web/Genesis_profesional/vendor/laravel/framework/src/Illuminate/Database/Query/Builder.php(3505): Illuminate/Database/Connection->select('select * from \"...', Array, false)
#3 C:/Users/josec/OneDrive/Escritorio/Aplicacion_web/Genesis_profesional/vendor/laravel/framework/src/Illuminate/Database/Query/Builder.php(3490): Illuminate/Database/Query/Builder->runSelect()
#4 C:/Users/josec/OneDrive/Escritorio/Aplicacion_web/Genesis_profesional/vendor/laravel/framework/src/Illuminate/Database/Query/Builder.php(4080): Illuminate/Database/Query/Builder->Illuminate/Database/Query/{closure}()
#5 C:/Users/josec/OneDrive/Escritorio/Aplicacion_web/Genesis_profesional/vendor/laravel/framework/src/Illuminate/Database/Query/Builder.php(3489): Illuminate/Database/Query/Builder->onceWithColumns(Array, Object(Closure))
#6 C:/Users/josec/OneDrive/Escritorio/Aplicacion_web/Genesis_profesional/vendor/laravel/framework/src/Illuminate/Database/Concerns/BuildsQueries.php(366): Illuminate/Database/Query/Builder->get(Array)
#7 C:/Users/josec/OneDrive/Escritorio/Aplicacion_web/Genesis_profesional/vendor/laravel/framework/src/Illuminate/Database/Query/Builder.php(3412): Illuminate/Database/Query/Builder->first(Array)
#8 C:/Users/josec/OneDrive/Escritorio/Aplicacion_web/Genesis_profesional/vendor/laravel/framework/src/Illuminate/Session/DatabaseSessionHandler.php(96): Illuminate/Database/Query/Builder->find('nKYKW0Pj52pU8bW...')
#9 C:/Users/josec/OneDrive/Escritorio/Aplicacion_web/Genesis_profesional/vendor/laravel/framework/src/Illuminate/Session/Store.php(128): Illuminate/Session/DatabaseSessionHandler->read('nKYKW0Pj52pU8bW...')
#10 C:/Users/josec/OneDrive/Escritorio/Aplicacion_web/Genesis_profesional/vendor/laravel/framework/src/Illuminate/Session/Store.php(116): Illuminate/Session/Store->readFromHandler()
#11 C:/Users/josec/OneDrive/Escritorio/Aplicacion_web/Genesis_profesional/vendor/laravel/framework/src/Illuminate/Session/Store.php(100): Illuminate/Session/Store->loadSession()
#12 C:/Users/josec/OneDrive/Escritorio/Aplicacion_web/Genesis_profesional/vendor/laravel/framework/src/Illuminate/Session/Middleware/StartSession.php(146): Illuminate/Session/Store->start()
#13 C:/Users/josec/OneDrive/Escritorio/Aplicacion_web/Genesis_profesional/vendor/laravel/framework/src/Illuminate/Support/helpers.php(393): Illuminate/Session/Middleware/StartSession->Illuminate/Session/Middleware/{closure}(Object(Illuminate/Session/Store))
#14 C:/Users/josec/OneDrive/Escritorio/Aplicacion_web/Genesis_profesional/vendor/laravel/framework/src/Illuminate/Session/Middleware/StartSession.php(143): tap(Object(Illuminate/Session/Store), Object(Closure))
#15 C:/Users/josec/OneDrive/Escritorio/Aplicacion_web/Genesis_profesional/vendor/laravel/framework/src/Illuminate/Session/Middleware/StartSession.php(115): Illuminate/Session/Middleware/StartSession->startSession(Object(Illuminate/Http/Request), Object(Illuminate/Session/Store))
#16 C:/Users/josec/OneDrive/Escritorio/Aplicacion_web/Genesis_profesional/vendor/laravel/framework/src/Illuminate/Session/Middleware/StartSession.php(63): Illuminate/Session/Middleware/StartSession->handleStatefulRequest(Object(Illuminate/Http/Request), Object(Illuminate/Session/Store), Object(Closure))
#17 C:/Users/josec/OneDrive/Escritorio/Aplicacion_web/Genesis_profesional/vendor/laravel/framework/src/Illuminate/Pipeline/Pipeline.php(219): Illuminate/Session/Middleware/StartSession->handle(Object(Illuminate/Http/Request), Object(Closure))
#18 C:/Users/josec/OneDrive/Escritorio/Aplicacion_web/Genesis_profesional/vendor/laravel/framework/src/Illuminate/Cookie/Middleware/AddQueuedCookiesToResponse.php(36): Illuminate/Pipeline/Pipeline->Illuminate/Pipeline/{closure}(Object(Illuminate/Http/Request))
#19 C:/Users/josec/OneDrive/Escritorio/Aplicacion_web/Genesis_profesional/vendor/laravel/framework/src/Illuminate/Pipeline/Pipeline.php(219): Illuminate/Cookie/Middleware/AddQueuedCookiesToResponse->handle(Object(Illuminate/Http/Request), Object(Closure))
#20 C:/Users/josec/OneDrive/Escritorio/Aplicacion_web/Genesis_profesional/vendor/laravel/framework/src/Illuminate/Cookie/Middleware/EncryptCookies.php(74): Illuminate/Pipeline/Pipeline->Illuminate/Pipeline/{closure}(Object(Illuminate/Http/Request))
#21 C:/Users/josec/OneDrive/Escritorio/Aplicacion_web/Genesis_profesional/vendor/laravel/framework/src/Illuminate/Pipeline/Pipeline.php(219): Illuminate/Cookie/Middleware/EncryptCookies->handle(Object(Illuminate/Http/Request), Object(Closure))
#22 C:/Users/josec/OneDrive/Escritorio/Aplicacion_web/Genesis_profesional/vendor/laravel/framework/src/Illuminate/Pipeline/Pipeline.php(137): Illuminate/Pipeline/Pipeline->Illuminate/Pipeline/{closure}(Object(Illuminate/Http/Request))
#23 C:/Users/josec/OneDrive/Escritorio/Aplicacion_web/Genesis_profesional/vendor/laravel/framework/src/Illuminate/Routing/Router.php(821): Illuminate/Pipeline/Pipeline->then(Object(Closure))
#24 C:/Users/josec/OneDrive/Escritorio/Aplicacion_web/Genesis_profesional/vendor/laravel/framework/src/Illuminate/Routing/Router.php(800): Illuminate/Routing/Router->runRouteWithinStack(Object(Illuminate/Routing/Route), Object(Illuminate/Http/Request))
#25 C:/Users/josec/OneDrive/Escritorio/Aplicacion_web/Genesis_profesional/vendor/laravel/framework/src/Illuminate/Routing/Router.php(764): Illuminate/Routing/Router->runRoute(Object(Illuminate/Http/Request), Object(Illuminate/Routing/Route))
#26 C:/Users/josec/OneDrive/Escritorio/Aplicacion_web/Genesis_profesional/vendor/laravel/framework/src/Illuminate/Routing/Router.php(753): Illuminate/Routing/Router->dispatchToRoute(Object(Illuminate/Http/Request))
#27 C:/Users/josec/OneDrive/Escritorio/Aplicacion_web/Genesis_profesional/vendor/laravel/framework/src/Illuminate/Foundation/Http/Kernel.php(200): Illuminate/Routing/Router->dispatch(Object(Illuminate/Http/Request))
#28 C:/Users/josec/OneDrive/Escritorio/Aplicacion_web/Genesis_profesional/vendor/laravel/framework/src/Illuminate/Pipeline/Pipeline.php(180): Illuminate/Foundation/Http/Kernel->Illuminate/Foundation/Http/{closure}(Object(Illuminate/Http/Request))
#29 C:/Users/josec/OneDrive/Escritorio/Aplicacion_web/Genesis_profesional/vendor/laravel/framework/src/Illuminate/Foundation/Http/Middleware/TransformsRequest.php(21): Illuminate/Pipeline/Pipeline->Illuminate/Pipeline/{closure}(Object(Illuminate/Http/Request))
#30 C:/Users/josec/OneDrive/Escritorio/Aplicacion_web/Genesis_profesional/vendor/laravel/framework/src/Illuminate/Foundation/Http/Middleware/ConvertEmptyStringsToNull.php(31): Illuminate/Foundation/Http/Middleware/TransformsRequest->handle(Object(Illuminate/Http/Request), Object(Closure))
#31 C:/Users/josec/OneDrive/Escritorio/Aplicacion_web/Genesis_profesional/vendor/laravel/framework/src/Illuminate/Pipeline/Pipeline.php(219): Illuminate/Foundation/Http/Middleware/ConvertEmptyStringsToNull->handle(Object(Illuminate/Http/Request), Object(Closure))
#32 C:/Users/josec/OneDrive/Escritorio/Aplicacion_web/Genesis_profesional/vendor/laravel/framework/src/Illuminate/Foundation/Http/Middleware/TransformsRequest.php(21): Illuminate/Pipeline/Pipeline->Illuminate/Pipeline/{closure}(Object(Illuminate/Http/Request))
#33 C:/Users/josec/OneDrive/Escritorio/Aplicacion_web/Genesis_profesional/vendor/laravel/framework/src/Illuminate/Foundation/Http/Middleware/TrimStrings.php(51): Illuminate/Foundation/Http/Middleware/TransformsRequest->handle(Object(Illuminate/Http/Request), Object(Closure))
#34 C:/Users/josec/OneDrive/Escritorio/Aplicacion_web/Genesis_profesional/vendor/laravel/framework/src/Illuminate/Pipeline/Pipeline.php(219): Illuminate/Foundation/Http/Middleware/TrimStrings->handle(Object(Illuminate/Http/Request), Object(Closure))
#35 C:/Users/josec/OneDrive/Escritorio/Aplicacion_web/Genesis_profesional/vendor/laravel/framework/src/Illuminate/Http/Middleware/ValidatePostSize.php(27): Illuminate/Pipeline/Pipeline->Illuminate/Pipeline/{closure}(Object(Illuminate/Http/Request))
#36 C:/Users/josec/OneDrive/Escritorio/Aplicacion_web/Genesis_profesional/vendor/laravel/framework/src/Illuminate/Pipeline/Pipeline.php(219): Illuminate/Http/Middleware/ValidatePostSize->handle(Object(Illuminate/Http/Request), Object(Closure))
#37 C:/Users/josec/OneDrive/Escritorio/Aplicacion_web/Genesis_profesional/vendor/laravel/framework/src/Illuminate/Foundation/Http/Middleware/PreventRequestsDuringMaintenance.php(109): Illuminate/Pipeline/Pipeline->Illuminate/Pipeline/{closure}(Object(Illuminate/Http/Request))
#38 C:/Users/josec/OneDrive/Escritorio/Aplicacion_web/Genesis_profesional/vendor/laravel/framework/src/Illuminate/Pipeline/Pipeline.php(219): Illuminate/Foundation/Http/Middleware/PreventRequestsDuringMaintenance->handle(Object(Illuminate/Http/Request), Object(Closure))
#39 C:/Users/josec/OneDrive/Escritorio/Aplicacion_web/Genesis_profesional/vendor/laravel/framework/src/Illuminate/Http/Middleware/HandleCors.php(61): Illuminate/Pipeline/Pipeline->Illuminate/Pipeline/{closure}(Object(Illuminate/Http/Request))
#40 C:/Users/josec/OneDrive/Escritorio/Aplicacion_web/Genesis_profesional/vendor/laravel/framework/src/Illuminate/Pipeline/Pipeline.php(219): Illuminate/Http/Middleware/HandleCors->handle(Object(Illuminate/Http/Request), Object(Closure))
#41 C:/Users/josec/OneDrive/Escritorio/Aplicacion_web/Genesis_profesional/vendor/laravel/framework/src/Illuminate/Http/Middleware/TrustProxies.php(58): Illuminate/Pipeline/Pipeline->Illuminate/Pipeline/{closure}(Object(Illuminate/Http/Request))
#42 C:/Users/josec/OneDrive/Escritorio/Aplicacion_web/Genesis_profesional/vendor/laravel/framework/src/Illuminate/Pipeline/Pipeline.php(219): Illuminate/Http/Middleware/TrustProxies->handle(Object(Illuminate/Http/Request), Object(Closure))
#43 C:/Users/josec/OneDrive/Escritorio/Aplicacion_web/Genesis_profesional/vendor/laravel/framework/src/Illuminate/Foundation/Http/Middleware/InvokeDeferredCallbacks.php(22): Illuminate/Pipeline/Pipeline->Illuminate/Pipeline/{closure}(Object(Illuminate/Http/Request))
#44 C:/Users/josec/OneDrive/Escritorio/Aplicacion_web/Genesis_profesional/vendor/laravel/framework/src/Illuminate/Pipeline/Pipeline.php(219): Illuminate/Foundation/Http/Middleware/InvokeDeferredCallbacks->handle(Object(Illuminate/Http/Request), Object(Closure))
#45 C:/Users/josec/OneDrive/Escritorio/Aplicacion_web/Genesis_profesional/vendor/laravel/framework/src/Illuminate/Http/Middleware/ValidatePathEncoding.php(26): Illuminate/Pipeline/Pipeline->Illuminate/Pipeline/{closure}(Object(Illuminate/Http/Request))
#46 C:/Users/josec/OneDrive/Escritorio/Aplicacion_web/Genesis_profesional/vendor/laravel/framework/src/Illuminate/Pipeline/Pipeline.php(219): Illuminate/Http/Middleware/ValidatePathEncoding->handle(Object(Illuminate/Http/Request), Object(Closure))
#47 C:/Users/josec/OneDrive/Escritorio/Aplicacion_web/Genesis_profesional/vendor/laravel/framework/src/Illuminate/Pipeline/Pipeline.php(137): Illuminate/Pipeline/Pipeline->Illuminate/Pipeline/{closure}(Object(Illuminate/Http/Request))
#48 C:/Users/josec/OneDrive/Escritorio/Aplicacion_web/Genesis_profesional/vendor/laravel/framework/src/Illuminate/Foundation/Http/Kernel.php(175): Illuminate/Pipeline/Pipeline->then(Object(Closure))
#49 C:/Users/josec/OneDrive/Escritorio/Aplicacion_web/Genesis_profesional/vendor/laravel/framework/src/Illuminate/Foundation/Http/Kernel.php(144): Illuminate/Foundation/Http/Kernel->sendRequestThroughRouter(Object(Illuminate/Http/Request))
#50 C:/Users/josec/OneDrive/Escritorio/Aplicacion_web/Genesis_profesional/vendor/laravel/framework/src/Illuminate/Foundation/Application.php(1220): Illuminate/Foundation/Http/Kernel->handle(Object(Illuminate/Http/Request))
#51 C:/Users/josec/OneDrive/Escritorio/Aplicacion_web/Genesis_profesional/public/index.php(20): Illuminate/Foundation/Application->handleRequest(Object(Illuminate/Http/Request))
#52 C:/Users/josec/OneDrive/Escritorio/Aplicacion_web/Genesis_profesional/vendor/laravel/framework/src/Illuminate/Foundation/resources/server.php(23): require_once('C://Users//josec//...')
#53 {main}

[previous exception] [object] (Illuminate\\Database\\SQLiteDatabaseDoesNotExistException(code: 0): Database file at path [C:\\Users\\josec\\OneDrive\\Escritorio\\Aplicacion_web\\Genesis_profesional\\database\\database.sqlite] does not exist. Ensure this is an absolute path to the database. at C:/Users/josec/OneDrive/Escritorio/Aplicacion_web/Genesis_profesional/vendor/laravel/framework/src/Illuminate/Database/Connectors/SQLiteConnector.php:60)
[stacktrace]
#0 C:/Users/josec/OneDrive/Escritorio/Aplicacion_web/Genesis_profesional/vendor/laravel/framework/src/Illuminate/Database/Connectors/SQLiteConnector.php(19): Illuminate/Database/Connectors/SQLiteConnector->parseDatabasePath(false)
#1 C:/Users/josec/OneDrive/Escritorio/Aplicacion_web/Genesis_profesional/vendor/laravel/framework/src/Illuminate/Database/Connectors/ConnectionFactory.php(225): Illuminate/Database/Connectors/SQLiteConnector->connect(Array)
#2 [internal function]: Illuminate/Database/Connectors/ConnectionFactory->Illuminate/Database/Connectors/{closure}()
#3 C:/Users/josec/OneDrive/Escritorio/Aplicacion_web/Genesis_profesional/vendor/laravel/framework/src/Illuminate/Database/Connection.php(1257): call_user_func(Object(Closure))
#4 C:/Users/josec/OneDrive/Escritorio/Aplicacion_web/Genesis_profesional/vendor/laravel/framework/src/Illuminate/Database/Connection.php(525): Illuminate/Database/Connection->getPdo()
#5 C:/Users/josec/OneDrive/Escritorio/Aplicacion_web/Genesis_profesional/vendor/laravel/framework/src/Illuminate/Database/Connection.php(420): Illuminate/Database/Connection->getPdoForSelect(false)
#6 C:/Users/josec/OneDrive/Escritorio/Aplicacion_web/Genesis_profesional/vendor/laravel/framework/src/Illuminate/Database/Connection.php(827): Illuminate/Database/Connection->Illuminate/Database/{closure}('select * from \"...', Array)
#7 C:/Users/josec/OneDrive/Escritorio/Aplicacion_web/Genesis_profesional/vendor/laravel/framework/src/Illuminate/Database/Connection.php(794): Illuminate/Database/Connection->runQueryCallback('select * from \"...', Array, Object(Closure))
#8 C:/Users/josec/OneDrive/Escritorio/Aplicacion_web/Genesis_profesional/vendor/laravel/framework/src/Illuminate/Database/Connection.php(411): Illuminate/Database/Connection->run('select * from \"...', Array, Object(Closure))
#9 C:/Users/josec/OneDrive/Escritorio/Aplicacion_web/Genesis_profesional/vendor/laravel/framework/src/Illuminate/Database/Query/Builder.php(3505): Illuminate/Database/Connection->select('select * from \"...', Array, false)
#10 C:/Users/josec/OneDrive/Escritorio/Aplicacion_web/Genesis_profesional/vendor/laravel/framework/src/Illuminate/Database/Query/Builder.php(3490): Illuminate/Database/Query/Builder->runSelect()
#11 C:/Users/josec/OneDrive/Escritorio/Aplicacion_web/Genesis_profesional/vendor/laravel/framework/src/Illuminate/Database/Query/Builder.php(4080): Illuminate/Database/Query/Builder->Illuminate/Database/Query/{closure}()
#12 C:/Users/josec/OneDrive/Escritorio/Aplicacion_web/Genesis_profesional/vendor/laravel/framework/src/Illuminate/Database/Query/Builder.php(3489): Illuminate/Database/Query/Builder->onceWithColumns(Array, Object(Closure))
#13 C:/Users/josec/OneDrive/Escritorio/Aplicacion_web/Genesis_profesional/vendor/laravel/framework/src/Illuminate/Database/Concerns/BuildsQueries.php(366): Illuminate/Database/Query/Builder->get(Array)
#14 C:/Users/josec/OneDrive/Escritorio/Aplicacion_web/Genesis_profesional/vendor/laravel/framework/src/Illuminate/Database/Query/Builder.php(3412): Illuminate/Database/Query/Builder->first(Array)
#15 C:/Users/josec/OneDrive/Escritorio/Aplicacion_web/Genesis_profesional/vendor/laravel/framework/src/Illuminate/Session/DatabaseSessionHandler.php(96): Illuminate/Database/Query/Builder->find('nKYKW0Pj52pU8bW...')
#16 C:/Users/josec/OneDrive/Escritorio/Aplicacion_web/Genesis_profesional/vendor/laravel/framework/src/Illuminate/Session/Store.php(128): Illuminate/Session/DatabaseSessionHandler->read('nKYKW0Pj52pU8bW...')
#17 C:/Users/josec/OneDrive/Escritorio/Aplicacion_web/Genesis_profesional/vendor/laravel/framework/src/Illuminate/Session/Store.php(116): Illuminate/Session/Store->readFromHandler()
#18 C:/Users/josec/OneDrive/Escritorio/Aplicacion_web/Genesis_profesional/vendor/laravel/framework/src/Illuminate/Session/Store.php(100): Illuminate/Session/Store->loadSession()
#19 C:/Users/josec/OneDrive/Escritorio/Aplicacion_web/Genesis_profesional/vendor/laravel/framework/src/Illuminate/Session/Middleware/StartSession.php(146): Illuminate/Session/Store->start()
#20 C:/Users/josec/OneDrive/Escritorio/Aplicacion_web/Genesis_profesional/vendor/laravel/framework/src/Illuminate/Support/helpers.php(393): Illuminate/Session/Middleware/StartSession->Illuminate/Session/Middleware/{closure}(Object(Illuminate/Session/Store))
#21 C:/Users/josec/OneDrive/Escritorio/Aplicacion_web/Genesis_profesional/vendor/laravel/framework/src/Illuminate/Session/Middleware/StartSession.php(143): tap(Object(Illuminate/Session/Store), Object(Closure))
#22 C:/Users/josec/OneDrive/Escritorio/Aplicacion_web/Genesis_profesional/vendor/laravel/framework/src/Illuminate/Session/Middleware/StartSession.php(115): Illuminate/Session/Middleware/StartSession->startSession(Object(Illuminate/Http/Request), Object(Illuminate/Session/Store))
#23 C:/Users/josec/OneDrive/Escritorio/Aplicacion_web/Genesis_profesional/vendor/laravel/framework/src/Illuminate/Session/Middleware/StartSession.php(63): Illuminate/Session/Middleware/StartSession->handleStatefulRequest(Object(Illuminate/Http/Request), Object(Illuminate/Session/Store), Object(Closure))
#24 C:/Users/josec/OneDrive/Escritorio/Aplicacion_web/Genesis_profesional/vendor/laravel/framework/src/Illuminate/Pipeline/Pipeline.php(219): Illuminate/Session/Middleware/StartSession->handle(Object(Illuminate/Http/Request), Object(Closure))
#25 C:/Users/josec/OneDrive/Escritorio/Aplicacion_web/Genesis_profesional/vendor/laravel/framework/src/Illuminate/Cookie/Middleware/AddQueuedCookiesToResponse.php(36): Illuminate/Pipeline/Pipeline->Illuminate/Pipeline/{closure}(Object(Illuminate/Http/Request))
#26 C:/Users/josec/OneDrive/Escritorio/Aplicacion_web/Genesis_profesional/vendor/laravel/framework/src/Illuminate/Pipeline/Pipeline.php(219): Illuminate/Cookie/Middleware/AddQueuedCookiesToResponse->handle(Object(Illuminate/Http/Request), Object(Closure))
#27 C:/Users/josec/OneDrive/Escritorio/Aplicacion_web/Genesis_profesional/vendor/laravel/framework/src/Illuminate/Cookie/Middleware/EncryptCookies.php(74): Illuminate/Pipeline/Pipeline->Illuminate/Pipeline/{closure}(Object(Illuminate/Http/Request))
#28 C:/Users/josec/OneDrive/Escritorio/Aplicacion_web/Genesis_profesional/vendor/laravel/framework/src/Illuminate/Pipeline/Pipeline.php(219): Illuminate/Cookie/Middleware/EncryptCookies->handle(Object(Illuminate/Http/Request), Object(Closure))
#29 C:/Users/josec/OneDrive/Escritorio/Aplicacion_web/Genesis_profesional/vendor/laravel/framework/src/Illuminate/Pipeline/Pipeline.php(137): Illuminate/Pipeline/Pipeline->Illuminate/Pipeline/{closure}(Object(Illuminate/Http/Request))
#30 C:/Users/josec/OneDrive/Escritorio/Aplicacion_web/Genesis_profesional/vendor/laravel/framework/src/Illuminate/Routing/Router.php(821): Illuminate/Pipeline/Pipeline->then(Object(Closure))
#31 C:/Users/josec/OneDrive/Escritorio/Aplicacion_web/Genesis_profesional/vendor/laravel/framework/src/Illuminate/Routing/Router.php(800): Illuminate/Routing/Router->runRouteWithinStack(Object(Illuminate/Routing/Route), Object(Illuminate/Http/Request))
#32 C:/Users/josec/OneDrive/Escritorio/Aplicacion_web/Genesis_profesional/vendor/laravel/framework/src/Illuminate/Routing/Router.php(764): Illuminate/Routing/Router->runRoute(Object(Illuminate/Http/Request), Object(Illuminate/Routing/Route))
#33 C:/Users/josec/OneDrive/Escritorio/Aplicacion_web/Genesis_profesional/vendor/laravel/framework/src/Illuminate/Routing/Router.php(753): Illuminate/Routing/Router->dispatchToRoute(Object(Illuminate/Http/Request))
#34 C:/Users/josec/OneDrive/Escritorio/Aplicacion_web/Genesis_profesional/vendor/laravel/framework/src/Illuminate/Foundation/Http/Kernel.php(200): Illuminate/Routing/Router->dispatch(Object(Illuminate/Http/Request))
#35 C:/Users/josec/OneDrive/Escritorio/Aplicacion_web/Genesis_profesional/vendor/laravel/framework/src/Illuminate/Pipeline/Pipeline.php(180): Illuminate/Foundation/Http/Kernel->Illuminate/Foundation/Http/{closure}(Object(Illuminate/Http/Request))
#36 C:/Users/josec/OneDrive/Escritorio/Aplicacion_web/Genesis_profesional/vendor/laravel/framework/src/Illuminate/Foundation/Http/Middleware/TransformsRequest.php(21): Illuminate/Pipeline/Pipeline->Illuminate/Pipeline/{closure}(Object(Illuminate/Http/Request))
#37 C:/Users/josec/OneDrive/Escritorio/Aplicacion_web/Genesis_profesional/vendor/laravel/framework/src/Illuminate/Foundation/Http/Middleware/ConvertEmptyStringsToNull.php(31): Illuminate/Foundation/Http/Middleware/TransformsRequest->handle(Object(Illuminate/Http/Request), Object(Closure))
#38 C:/Users/josec/OneDrive/Escritorio/Aplicacion_web/Genesis_profesional/vendor/laravel/framework/src/Illuminate/Pipeline/Pipeline.php(219): Illuminate/Foundation/Http/Middleware/ConvertEmptyStringsToNull->handle(Object(Illuminate/Http/Request), Object(Closure))
#39 C:/Users/josec/OneDrive/Escritorio/Aplicacion_web/Genesis_profesional/vendor/laravel/framework/src/Illuminate/Foundation/Http/Middleware/TransformsRequest.php(21): Illuminate/Pipeline/Pipeline->Illuminate/Pipeline/{closure}(Object(Illuminate/Http/Request))
#40 C:/Users/josec/OneDrive/Escritorio/Aplicacion_web/Genesis_profesional/vendor/laravel/framework/src/Illuminate/Foundation/Http/Middleware/TrimStrings.php(51): Illuminate/Foundation/Http/Middleware/TransformsRequest->handle(Object(Illuminate/Http/Request), Object(Closure))
#41 C:/Users/josec/OneDrive/Escritorio/Aplicacion_web/Genesis_profesional/vendor/laravel/framework/src/Illuminate/Pipeline/Pipeline.php(219): Illuminate/Foundation/Http/Middleware/TrimStrings->handle(Object(Illuminate/Http/Request), Object(Closure))
#42 C:/Users/josec/OneDrive/Escritorio/Aplicacion_web/Genesis_profesional/vendor/laravel/framework/src/Illuminate/Http/Middleware/ValidatePostSize.php(27): Illuminate/Pipeline/Pipeline->Illuminate/Pipeline/{closure}(Object(Illuminate/Http/Request))
#43 C:/Users/josec/OneDrive/Escritorio/Aplicacion_web/Genesis_profesional/vendor/laravel/framework/src/Illuminate/Pipeline/Pipeline.php(219): Illuminate/Http/Middleware/ValidatePostSize->handle(Object(Illuminate/Http/Request), Object(Closure))
#44 C:/Users/josec/OneDrive/Escritorio/Aplicacion_web/Genesis_profesional/vendor/laravel/framework/src/Illuminate/Foundation/Http/Middleware/PreventRequestsDuringMaintenance.php(109): Illuminate/Pipeline/Pipeline->Illuminate/Pipeline/{closure}(Object(Illuminate/Http/Request))
#45 C:/Users/josec/OneDrive/Escritorio/Aplicacion_web/Genesis_profesional/vendor/laravel/framework/src/Illuminate/Pipeline/Pipeline.php(219): Illuminate/Foundation/Http/Middleware/PreventRequestsDuringMaintenance->handle(Object(Illuminate/Http/Request), Object(Closure))
#46 C:/Users/josec/OneDrive/Escritorio/Aplicacion_web/Genesis_profesional/vendor/laravel/framework/src/Illuminate/Http/Middleware/HandleCors.php(61): Illuminate/Pipeline/Pipeline->Illuminate/Pipeline/{closure}(Object(Illuminate/Http/Request))
#47 C:/Users/josec/OneDrive/Escritorio/Aplicacion_web/Genesis_profesional/vendor/laravel/framework/src/Illuminate/Pipeline/Pipeline.php(219): Illuminate/Http/Middleware/HandleCors->handle(Object(Illuminate/Http/Request), Object(Closure))
#48 C:/Users/josec/OneDrive/Escritorio/Aplicacion_web/Genesis_profesional/vendor/laravel/framework/src/Illuminate/Http/Middleware/TrustProxies.php(58): Illuminate/Pipeline/Pipeline->Illuminate/Pipeline/{closure}(Object(Illuminate/Http/Request))
#49 C:/Users/josec/OneDrive/Escritorio/Aplicacion_web/Genesis_profesional/vendor/laravel/framework/src/Illuminate/Pipeline/Pipeline.php(219): Illuminate/Http/Middleware/TrustProxies->handle(Object(Illuminate/Http/Request), Object(Closure))
#50 C:/Users/josec/OneDrive/Escritorio/Aplicacion_web/Genesis_profesional/vendor/laravel/framework/src/Illuminate/Foundation/Http/Middleware/InvokeDeferredCallbacks.php(22): Illuminate/Pipeline/Pipeline->Illuminate/Pipeline/{closure}(Object(Illuminate/Http/Request))
#51 C:/Users/josec/OneDrive/Escritorio/Aplicacion_web/Genesis_profesional/vendor/laravel/framework/src/Illuminate/Pipeline/Pipeline.php(219): Illuminate/Foundation/Http/Middleware/InvokeDeferredCallbacks->handle(Object(Illuminate/Http/Request), Object(Closure))
#52 C:/Users/josec/OneDrive/Escritorio/Aplicacion_web/Genesis_profesional/vendor/laravel/framework/src/Illuminate/Http/Middleware/ValidatePathEncoding.php(26): Illuminate/Pipeline/Pipeline->Illuminate/Pipeline/{closure}(Object(Illuminate/Http/Request))
#53 C:/Users/josec/OneDrive/Escritorio/Aplicacion_web/Genesis_profesional/vendor/laravel/framework/src/Illuminate/Pipeline/Pipeline.php(219): Illuminate/Http/Middleware/ValidatePathEncoding->handle(Object(Illuminate/Http/Request), Object(Closure))
#54 C:/Users/josec/OneDrive/Escritorio/Aplicacion_web/Genesis_profesional/vendor/laravel/framework/src/Illuminate/Pipeline/Pipeline.php(137): Illuminate/Pipeline/Pipeline->Illuminate/Pipeline/{closure}(Object(Illuminate/Http/Request))
#55 C:/Users/josec/OneDrive/Escritorio/Aplicacion_web/Genesis_profesional/vendor/laravel/framework/src/Illuminate/Foundation/Http/Kernel.php(175): Illuminate/Pipeline/Pipeline->then(Object(Closure))
#56 C:/Users/josec/OneDrive/Escritorio/Aplicacion_web/Genesis_profesional/vendor/laravel/framework/src/Illuminate/Foundation/Http/Kernel.php(144): Illuminate/Foundation/Http/Kernel->sendRequestThroughRouter(Object(Illuminate/Http/Request))
#57 C:/Users/josec/OneDrive/Escritorio/Aplicacion_web/Genesis_profesional/vendor/laravel/framework/src/Illuminate/Foundation/Application.php(1220): Illuminate/Foundation/Http/Kernel->handle(Object(Illuminate/Http/Request))
#58 C:/Users/josec/OneDrive/Escritorio/Aplicacion_web/Genesis_profesional/public/index.php(20): Illuminate/Foundation/Application->handleRequest(Object(Illuminate/Http/Request))
#59 C:/Users/josec/OneDrive/Escritorio/Aplicacion_web/Genesis_profesional/vendor/laravel/framework/src/Illuminate/Foundation/resources/server.php(23): require_once('C://Users//josec//...')
#60 {main}
"} 
[2026-06-18 07:14:47] local.ERROR: Database file at path [C:\Users\josec\OneDrive\Escritorio\Aplicacion_web\Genesis_profesional\database\database.sqlite] does not exist. Ensure this is an absolute path to the database. (Connection: sqlite, Database: C:\Users\josec\OneDrive\Escritorio\Aplicacion_web\Genesis_profesional\database\database.sqlite, SQL: select * from "sessions" where "id" = 3hzcay5vDL2lIGvOs67LECziE122Hb40aWbOFJRx limit 1) {"exception":"[object] (Illuminate\\Database\\QueryException(code: 0): Database file at path [C:\\Users\\josec\\OneDrive\\Escritorio\\Aplicacion_web\\Genesis_profesional\\database\\database.sqlite] does not exist. Ensure this is an absolute path to the database. (Connection: sqlite, Database: C:\\Users\\josec\\OneDrive\\Escritorio\\Aplicacion_web\\Genesis_profesional\\database\\database.sqlite, SQL: select * from \"sessions\" where \"id\" = 3hzcay5vDL2lIGvOs67LECziE122Hb40aWbOFJRx limit 1) at C:/Users/josec/OneDrive/Escritorio/Aplicacion_web/Genesis_profesional/vendor/laravel/framework/src/Illuminate/Database/Connection.php:838)
[stacktrace]
#0 C:/Users/josec/OneDrive/Escritorio/Aplicacion_web/Genesis_profesional/vendor/laravel/framework/src/Illuminate/Database/Connection.php(794): Illuminate/Database/Connection->runQueryCallback('select * from \"...', Array, Object(Closure))
#1 C:/Users/josec/OneDrive/Escritorio/Aplicacion_web/Genesis_profesional/vendor/laravel/framework/src/Illuminate/Database/Connection.php(411): Illuminate/Database/Connection->run('select * from \"...', Array, Object(Closure))
#2 C:/Users/josec/OneDrive/Escritorio/Aplicacion_web/Genesis_profesional/vendor/laravel/framework/src/Illuminate/Database/Query/Builder.php(3505): Illuminate/Database/Connection->select('select * from \"...', Array, false)
#3 C:/Users/josec/OneDrive/Escritorio/Aplicacion_web/Genesis_profesional/vendor/laravel/framework/src/Illuminate/Database/Query/Builder.php(3490): Illuminate/Database/Query/Builder->runSelect()
#4 C:/Users/josec/OneDrive/Escritorio/Aplicacion_web/Genesis_profesional/vendor/laravel/framework/src/Illuminate/Database/Query/Builder.php(4080): Illuminate/Database/Query/Builder->Illuminate/Database/Query/{closure}()
#5 C:/Users/josec/OneDrive/Escritorio/Aplicacion_web/Genesis_profesional/vendor/laravel/framework/src/Illuminate/Database/Query/Builder.php(3489): Illuminate/Database/Query/Builder->onceWithColumns(Array, Object(Closure))
#6 C:/Users/josec/OneDrive/Escritorio/Aplicacion_web/Genesis_profesional/vendor/laravel/framework/src/Illuminate/Database/Concerns/BuildsQueries.php(366): Illuminate/Database/Query/Builder->get(Array)
#7 C:/Users/josec/OneDrive/Escritorio/Aplicacion_web/Genesis_profesional/vendor/laravel/framework/src/Illuminate/Database/Query/Builder.php(3412): Illuminate/Database/Query/Builder->first(Array)
#8 C:/Users/josec/OneDrive/Escritorio/Aplicacion_web/Genesis_profesional/vendor/laravel/framework/src/Illuminate/Session/DatabaseSessionHandler.php(96): Illuminate/Database/Query/Builder->find('3hzcay5vDL2lIGv...')
#9 C:/Users/josec/OneDrive/Escritorio/Aplicacion_web/Genesis_profesional/vendor/laravel/framework/src/Illuminate/Session/Store.php(128): Illuminate/Session/DatabaseSessionHandler->read('3hzcay5vDL2lIGv...')
#10 C:/Users/josec/OneDrive/Escritorio/Aplicacion_web/Genesis_profesional/vendor/laravel/framework/src/Illuminate/Session/Store.php(116): Illuminate/Session/Store->readFromHandler()
#11 C:/Users/josec/OneDrive/Escritorio/Aplicacion_web/Genesis_profesional/vendor/laravel/framework/src/Illuminate/Session/Store.php(100): Illuminate/Session/Store->loadSession()
#12 C:/Users/josec/OneDrive/Escritorio/Aplicacion_web/Genesis_profesional/vendor/laravel/framework/src/Illuminate/Session/Middleware/StartSession.php(146): Illuminate/Session/Store->start()
#13 C:/Users/josec/OneDrive/Escritorio/Aplicacion_web/Genesis_profesional/vendor/laravel/framework/src/Illuminate/Support/helpers.php(393): Illuminate/Session/Middleware/StartSession->Illuminate/Session/Middleware/{closure}(Object(Illuminate/Session/Store))
#14 C:/Users/josec/OneDrive/Escritorio/Aplicacion_web/Genesis_profesional/vendor/laravel/framework/src/Illuminate/Session/Middleware/StartSession.php(143): tap(Object(Illuminate/Session/Store), Object(Closure))
#15 C:/Users/josec/OneDrive/Escritorio/Aplicacion_web/Genesis_profesional/vendor/laravel/framework/src/Illuminate/Session/Middleware/StartSession.php(115): Illuminate/Session/Middleware/StartSession->startSession(Object(Illuminate/Http/Request), Object(Illuminate/Session/Store))
#16 C:/Users/josec/OneDrive/Escritorio/Aplicacion_web/Genesis_profesional/vendor/laravel/framework/src/Illuminate/Session/Middleware/StartSession.php(63): Illuminate/Session/Middleware/StartSession->handleStatefulRequest(Object(Illuminate/Http/Request), Object(Illuminate/Session/Store), Object(Closure))
#17 C:/Users/josec/OneDrive/Escritorio/Aplicacion_web/Genesis_profesional/vendor/laravel/framework/src/Illuminate/Pipeline/Pipeline.php(219): Illuminate/Session/Middleware/StartSession->handle(Object(Illuminate/Http/Request), Object(Closure))
#18 C:/Users/josec/OneDrive/Escritorio/Aplicacion_web/Genesis_profesional/vendor/laravel/framework/src/Illuminate/Cookie/Middleware/AddQueuedCookiesToResponse.php(36): Illuminate/Pipeline/Pipeline->Illuminate/Pipeline/{closure}(Object(Illuminate/Http/Request))
#19 C:/Users/josec/OneDrive/Escritorio/Aplicacion_web/Genesis_profesional/vendor/laravel/framework/src/Illuminate/Pipeline/Pipeline.php(219): Illuminate/Cookie/Middleware/AddQueuedCookiesToResponse->handle(Object(Illuminate/Http/Request), Object(Closure))
#20 C:/Users/josec/OneDrive/Escritorio/Aplicacion_web/Genesis_profesional/vendor/laravel/framework/src/Illuminate/Cookie/Middleware/EncryptCookies.php(74): Illuminate/Pipeline/Pipeline->Illuminate/Pipeline/{closure}(Object(Illuminate/Http/Request))
#21 C:/Users/josec/OneDrive/Escritorio/Aplicacion_web/Genesis_profesional/vendor/laravel/framework/src/Illuminate/Pipeline/Pipeline.php(219): Illuminate/Cookie/Middleware/EncryptCookies->handle(Object(Illuminate/Http/Request), Object(Closure))
#22 C:/Users/josec/OneDrive/Escritorio/Aplicacion_web/Genesis_profesional/vendor/laravel/framework/src/Illuminate/Pipeline/Pipeline.php(137): Illuminate/Pipeline/Pipeline->Illuminate/Pipeline/{closure}(Object(Illuminate/Http/Request))
#23 C:/Users/josec/OneDrive/Escritorio/Aplicacion_web/Genesis_profesional/vendor/laravel/framework/src/Illuminate/Routing/Router.php(821): Illuminate/Pipeline/Pipeline->then(Object(Closure))
#24 C:/Users/josec/OneDrive/Escritorio/Aplicacion_web/Genesis_profesional/vendor/laravel/framework/src/Illuminate/Routing/Router.php(800): Illuminate/Routing/Router->runRouteWithinStack(Object(Illuminate/Routing/Route), Object(Illuminate/Http/Request))
#25 C:/Users/josec/OneDrive/Escritorio/Aplicacion_web/Genesis_profesional/vendor/laravel/framework/src/Illuminate/Routing/Router.php(764): Illuminate/Routing/Router->runRoute(Object(Illuminate/Http/Request), Object(Illuminate/Routing/Route))
#26 C:/Users/josec/OneDrive/Escritorio/Aplicacion_web/Genesis_profesional/vendor/laravel/framework/src/Illuminate/Routing/Router.php(753): Illuminate/Routing/Router->dispatchToRoute(Object(Illuminate/Http/Request))
#27 C:/Users/josec/OneDrive/Escritorio/Aplicacion_web/Genesis_profesional/vendor/laravel/framework/src/Illuminate/Foundation/Http/Kernel.php(200): Illuminate/Routing/Router->dispatch(Object(Illuminate/Http/Request))
#28 C:/Users/josec/OneDrive/Escritorio/Aplicacion_web/Genesis_profesional/vendor/laravel/framework/src/Illuminate/Pipeline/Pipeline.php(180): Illuminate/Foundation/Http/Kernel->Illuminate/Foundation/Http/{closure}(Object(Illuminate/Http/Request))
#29 C:/Users/josec/OneDrive/Escritorio/Aplicacion_web/Genesis_profesional/vendor/laravel/framework/src/Illuminate/Foundation/Http/Middleware/TransformsRequest.php(21): Illuminate/Pipeline/Pipeline->Illuminate/Pipeline/{closure}(Object(Illuminate/Http/Request))
#30 C:/Users/josec/OneDrive/Escritorio/Aplicacion_web/Genesis_profesional/vendor/laravel/framework/src/Illuminate/Foundation/Http/Middleware/ConvertEmptyStringsToNull.php(31): Illuminate/Foundation/Http/Middleware/TransformsRequest->handle(Object(Illuminate/Http/Request), Object(Closure))
#31 C:/Users/josec/OneDrive/Escritorio/Aplicacion_web/Genesis_profesional/vendor/laravel/framework/src/Illuminate/Pipeline/Pipeline.php(219): Illuminate/Foundation/Http/Middleware/ConvertEmptyStringsToNull->handle(Object(Illuminate/Http/Request), Object(Closure))
#32 C:/Users/josec/OneDrive/Escritorio/Aplicacion_web/Genesis_profesional/vendor/laravel/framework/src/Illuminate/Foundation/Http/Middleware/TransformsRequest.php(21): Illuminate/Pipeline/Pipeline->Illuminate/Pipeline/{closure}(Object(Illuminate/Http/Request))
#33 C:/Users/josec/OneDrive/Escritorio/Aplicacion_web/Genesis_profesional/vendor/laravel/framework/src/Illuminate/Foundation/Http/Middleware/TrimStrings.php(51): Illuminate/Foundation/Http/Middleware/TransformsRequest->handle(Object(Illuminate/Http/Request), Object(Closure))
#34 C:/Users/josec/OneDrive/Escritorio/Aplicacion_web/Genesis_profesional/vendor/laravel/framework/src/Illuminate/Pipeline/Pipeline.php(219): Illuminate/Foundation/Http/Middleware/TrimStrings->handle(Object(Illuminate/Http/Request), Object(Closure))
#35 C:/Users/josec/OneDrive/Escritorio/Aplicacion_web/Genesis_profesional/vendor/laravel/framework/src/Illuminate/Http/Middleware/ValidatePostSize.php(27): Illuminate/Pipeline/Pipeline->Illuminate/Pipeline/{closure}(Object(Illuminate/Http/Request))
#36 C:/Users/josec/OneDrive/Escritorio/Aplicacion_web/Genesis_profesional/vendor/laravel/framework/src/Illuminate/Pipeline/Pipeline.php(219): Illuminate/Http/Middleware/ValidatePostSize->handle(Object(Illuminate/Http/Request), Object(Closure))
#37 C:/Users/josec/OneDrive/Escritorio/Aplicacion_web/Genesis_profesional/vendor/laravel/framework/src/Illuminate/Foundation/Http/Middleware/PreventRequestsDuringMaintenance.php(109): Illuminate/Pipeline/Pipeline->Illuminate/Pipeline/{closure}(Object(Illuminate/Http/Request))
#38 C:/Users/josec/OneDrive/Escritorio/Aplicacion_web/Genesis_profesional/vendor/laravel/framework/src/Illuminate/Pipeline/Pipeline.php(219): Illuminate/Foundation/Http/Middleware/PreventRequestsDuringMaintenance->handle(Object(Illuminate/Http/Request), Object(Closure))
#39 C:/Users/josec/OneDrive/Escritorio/Aplicacion_web/Genesis_profesional/vendor/laravel/framework/src/Illuminate/Http/Middleware/HandleCors.php(61): Illuminate/Pipeline/Pipeline->Illuminate/Pipeline/{closure}(Object(Illuminate/Http/Request))
#40 C:/Users/josec/OneDrive/Escritorio/Aplicacion_web/Genesis_profesional/vendor/laravel/framework/src/Illuminate/Pipeline/Pipeline.php(219): Illuminate/Http/Middleware/HandleCors->handle(Object(Illuminate/Http/Request), Object(Closure))
#41 C:/Users/josec/OneDrive/Escritorio/Aplicacion_web/Genesis_profesional/vendor/laravel/framework/src/Illuminate/Http/Middleware/TrustProxies.php(58): Illuminate/Pipeline/Pipeline->Illuminate/Pipeline/{closure}(Object(Illuminate/Http/Request))
#42 C:/Users/josec/OneDrive/Escritorio/Aplicacion_web/Genesis_profesional/vendor/laravel/framework/src/Illuminate/Pipeline/Pipeline.php(219): Illuminate/Http/Middleware/TrustProxies->handle(Object(Illuminate/Http/Request), Object(Closure))
#43 C:/Users/josec/OneDrive/Escritorio/Aplicacion_web/Genesis_profesional/vendor/laravel/framework/src/Illuminate/Foundation/Http/Middleware/InvokeDeferredCallbacks.php(22): Illuminate/Pipeline/Pipeline->Illuminate/Pipeline/{closure}(Object(Illuminate/Http/Request))
#44 C:/Users/josec/OneDrive/Escritorio/Aplicacion_web/Genesis_profesional/vendor/laravel/framework/src/Illuminate/Pipeline/Pipeline.php(219): Illuminate/Foundation/Http/Middleware/InvokeDeferredCallbacks->handle(Object(Illuminate/Http/Request), Object(Closure))
#45 C:/Users/josec/OneDrive/Escritorio/Aplicacion_web/Genesis_profesional/vendor/laravel/framework/src/Illuminate/Http/Middleware/ValidatePathEncoding.php(26): Illuminate/Pipeline/Pipeline->Illuminate/Pipeline/{closure}(Object(Illuminate/Http/Request))
#46 C:/Users/josec/OneDrive/Escritorio/Aplicacion_web/Genesis_profesional/vendor/laravel/framework/src/Illuminate/Pipeline/Pipeline.php(219): Illuminate/Http/Middleware/ValidatePathEncoding->handle(Object(Illuminate/Http/Request), Object(Closure))
#47 C:/Users/josec/OneDrive/Escritorio/Aplicacion_web/Genesis_profesional/vendor/laravel/framework/src/Illuminate/Pipeline/Pipeline.php(137): Illuminate/Pipeline/Pipeline->Illuminate/Pipeline/{closure}(Object(Illuminate/Http/Request))
#48 C:/Users/josec/OneDrive/Escritorio/Aplicacion_web/Genesis_profesional/vendor/laravel/framework/src/Illuminate/Foundation/Http/Kernel.php(175): Illuminate/Pipeline/Pipeline->then(Object(Closure))
#49 C:/Users/josec/OneDrive/Escritorio/Aplicacion_web/Genesis_profesional/vendor/laravel/framework/src/Illuminate/Foundation/Http/Kernel.php(144): Illuminate/Foundation/Http/Kernel->sendRequestThroughRouter(Object(Illuminate/Http/Request))
#50 C:/Users/josec/OneDrive/Escritorio/Aplicacion_web/Genesis_profesional/vendor/laravel/framework/src/Illuminate/Foundation/Application.php(1220): Illuminate/Foundation/Http/Kernel->handle(Object(Illuminate/Http/Request))
#51 C:/Users/josec/OneDrive/Escritorio/Aplicacion_web/Genesis_profesional/public/index.php(20): Illuminate/Foundation/Application->handleRequest(Object(Illuminate/Http/Request))
#52 C:/Users/josec/OneDrive/Escritorio/Aplicacion_web/Genesis_profesional/vendor/laravel/framework/src/Illuminate/Foundation/resources/server.php(23): require_once('C://Users//josec//...')
#53 {main}

[previous exception] [object] (Illuminate\\Database\\SQLiteDatabaseDoesNotExistException(code: 0): Database file at path [C:\\Users\\josec\\OneDrive\\Escritorio\\Aplicacion_web\\Genesis_profesional\\database\\database.sqlite] does not exist. Ensure this is an absolute path to the database. at C:/Users/josec/OneDrive/Escritorio/Aplicacion_web/Genesis_profesional/vendor/laravel/framework/src/Illuminate/Database/Connectors/SQLiteConnector.php:60)
[stacktrace]
#0 C:/Users/josec/OneDrive/Escritorio/Aplicacion_web/Genesis_profesional/vendor/laravel/framework/src/Illuminate/Database/Connectors/SQLiteConnector.php(19): Illuminate/Database/Connectors/SQLiteConnector->parseDatabasePath(false)
#1 C:/Users/josec/OneDrive/Escritorio/Aplicacion_web/Genesis_profesional/vendor/laravel/framework/src/Illuminate/Database/Connectors/ConnectionFactory.php(225): Illuminate/Database/Connectors/SQLiteConnector->connect(Array)
#2 [internal function]: Illuminate/Database/Connectors/ConnectionFactory->Illuminate/Database/Connectors/{closure}()
#3 C:/Users/josec/OneDrive/Escritorio/Aplicacion_web/Genesis_profesional/vendor/laravel/framework/src/Illuminate/Database/Connection.php(1257): call_user_func(Object(Closure))
#4 C:/Users/josec/OneDrive/Escritorio/Aplicacion_web/Genesis_profesional/vendor/laravel/framework/src/Illuminate/Database/Connection.php(525): Illuminate/Database/Connection->getPdo()
#5 C:/Users/josec/OneDrive/Escritorio/Aplicacion_web/Genesis_profesional/vendor/laravel/framework/src/Illuminate/Database/Connection.php(420): Illuminate/Database/Connection->getPdoForSelect(false)
#6 C:/Users/josec/OneDrive/Escritorio/Aplicacion_web/Genesis_profesional/vendor/laravel/framework/src/Illuminate/Database/Connection.php(827): Illuminate/Database/Connection->Illuminate/Database/{closure}('select * from \"...', Array)
#7 C:/Users/josec/OneDrive/Escritorio/Aplicacion_web/Genesis_profesional/vendor/laravel/framework/src/Illuminate/Database/Connection.php(794): Illuminate/Database/Connection->runQueryCallback('select * from \"...', Array, Object(Closure))
#8 C:/Users/josec/OneDrive/Escritorio/Aplicacion_web/Genesis_profesional/vendor/laravel/framework/src/Illuminate/Database/Connection.php(411): Illuminate/Database/Connection->run('select * from \"...', Array, Object(Closure))
#9 C:/Users/josec/OneDrive/Escritorio/Aplicacion_web/Genesis_profesional/vendor/laravel/framework/src/Illuminate/Database/Query/Builder.php(3505): Illuminate/Database/Connection->select('select * from \"...', Array, false)
#10 C:/Users/josec/OneDrive/Escritorio/Aplicacion_web/Genesis_profesional/vendor/laravel/framework/src/Illuminate/Database/Query/Builder.php(3490): Illuminate/Database/Query/Builder->runSelect()
#11 C:/Users/josec/OneDrive/Escritorio/Aplicacion_web/Genesis_profesional/vendor/laravel/framework/src/Illuminate/Database/Query/Builder.php(4080): Illuminate/Database/Query/Builder->Illuminate/Database/Query/{closure}()
#12 C:/Users/josec/OneDrive/Escritorio/Aplicacion_web/Genesis_profesional/vendor/laravel/framework/src/Illuminate/Database/Query/Builder.php(3489): Illuminate/Database/Query/Builder->onceWithColumns(Array, Object(Closure))
#13 C:/Users/josec/OneDrive/Escritorio/Aplicacion_web/Genesis_profesional/vendor/laravel/framework/src/Illuminate/Database/Concerns/BuildsQueries.php(366): Illuminate/Database/Query/Builder->get(Array)
#14 C:/Users/josec/OneDrive/Escritorio/Aplicacion_web/Genesis_profesional/vendor/laravel/framework/src/Illuminate/Database/Query/Builder.php(3412): Illuminate/Database/Query/Builder->first(Array)
#15 C:/Users/josec/OneDrive/Escritorio/Aplicacion_web/Genesis_profesional/vendor/laravel/framework/src/Illuminate/Session/DatabaseSessionHandler.php(96): Illuminate/Database/Query/Builder->find('3hzcay5vDL2lIGv...')
#16 C:/Users/josec/OneDrive/Escritorio/Aplicacion_web/Genesis_profesional/vendor/laravel/framework/src/Illuminate/Session/Store.php(128): Illuminate/Session/DatabaseSessionHandler->read('3hzcay5vDL2lIGv...')
#17 C:/Users/josec/OneDrive/Escritorio/Aplicacion_web/Genesis_profesional/vendor/laravel/framework/src/Illuminate/Session/Store.php(116): Illuminate/Session/Store->readFromHandler()
#18 C:/Users/josec/OneDrive/Escritorio/Aplicacion_web/Genesis_profesional/vendor/laravel/framework/src/Illuminate/Session/Store.php(100): Illuminate/Session/Store->loadSession()
#19 C:/Users/josec/OneDrive/Escritorio/Aplicacion_web/Genesis_profesional/vendor/laravel/framework/src/Illuminate/Session/Middleware/StartSession.php(146): Illuminate/Session/Store->start()
#20 C:/Users/josec/OneDrive/Escritorio/Aplicacion_web/Genesis_profesional/vendor/laravel/framework/src/Illuminate/Support/helpers.php(393): Illuminate/Session/Middleware/StartSession->Illuminate/Session/Middleware/{closure}(Object(Illuminate/Session/Store))
#21 C:/Users/josec/OneDrive/Escritorio/Aplicacion_web/Genesis_profesional/vendor/laravel/framework/src/Illuminate/Session/Middleware/StartSession.php(143): tap(Object(Illuminate/Session/Store), Object(Closure))
#22 C:/Users/josec/OneDrive/Escritorio/Aplicacion_web/Genesis_profesional/vendor/laravel/framework/src/Illuminate/Session/Middleware/StartSession.php(115): Illuminate/Session/Middleware/StartSession->startSession(Object(Illuminate/Http/Request), Object(Illuminate/Session/Store))
#23 C:/Users/josec/OneDrive/Escritorio/Aplicacion_web/Genesis_profesional/vendor/laravel/framework/src/Illuminate/Session/Middleware/StartSession.php(63): Illuminate/Session/Middleware/StartSession->handleStatefulRequest(Object(Illuminate/Http/Request), Object(Illuminate/Session/Store), Object(Closure))
#24 C:/Users/josec/OneDrive/Escritorio/Aplicacion_web/Genesis_profesional/vendor/laravel/framework/src/Illuminate/Pipeline/Pipeline.php(219): Illuminate/Session/Middleware/StartSession->handle(Object(Illuminate/Http/Request), Object(Closure))
#25 C:/Users/josec/OneDrive/Escritorio/Aplicacion_web/Genesis_profesional/vendor/laravel/framework/src/Illuminate/Cookie/Middleware/AddQueuedCookiesToResponse.php(36): Illuminate/Pipeline/Pipeline->Illuminate/Pipeline/{closure}(Object(Illuminate/Http/Request))
#26 C:/Users/josec/OneDrive/Escritorio/Aplicacion_web/Genesis_profesional/vendor/laravel/framework/src/Illuminate/Pipeline/Pipeline.php(219): Illuminate/Cookie/Middleware/AddQueuedCookiesToResponse->handle(Object(Illuminate/Http/Request), Object(Closure))
#27 C:/Users/josec/OneDrive/Escritorio/Aplicacion_web/Genesis_profesional/vendor/laravel/framework/src/Illuminate/Cookie/Middleware/EncryptCookies.php(74): Illuminate/Pipeline/Pipeline->Illuminate/Pipeline/{closure}(Object(Illuminate/Http/Request))
#28 C:/Users/josec/OneDrive/Escritorio/Aplicacion_web/Genesis_profesional/vendor/laravel/framework/src/Illuminate/Pipeline/Pipeline.php(219): Illuminate/Cookie/Middleware/EncryptCookies->handle(Object(Illuminate/Http/Request), Object(Closure))
#29 C:/Users/josec/OneDrive/Escritorio/Aplicacion_web/Genesis_profesional/vendor/laravel/framework/src/Illuminate/Pipeline/Pipeline.php(137): Illuminate/Pipeline/Pipeline->Illuminate/Pipeline/{closure}(Object(Illuminate/Http/Request))
#30 C:/Users/josec/OneDrive/Escritorio/Aplicacion_web/Genesis_profesional/vendor/laravel/framework/src/Illuminate/Routing/Router.php(821): Illuminate/Pipeline/Pipeline->then(Object(Closure))
#31 C:/Users/josec/OneDrive/Escritorio/Aplicacion_web/Genesis_profesional/vendor/laravel/framework/src/Illuminate/Routing/Router.php(800): Illuminate/Routing/Router->runRouteWithinStack(Object(Illuminate/Routing/Route), Object(Illuminate/Http/Request))
#32 C:/Users/josec/OneDrive/Escritorio/Aplicacion_web/Genesis_profesional/vendor/laravel/framework/src/Illuminate/Routing/Router.php(764): Illuminate/Routing/Router->runRoute(Object(Illuminate/Http/Request), Object(Illuminate/Routing/Route))
#33 C:/Users/josec/OneDrive/Escritorio/Aplicacion_web/Genesis_profesional/vendor/laravel/framework/src/Illuminate/Routing/Router.php(753): Illuminate/Routing/Router->dispatchToRoute(Object(Illuminate/Http/Request))
#34 C:/Users/josec/OneDrive/Escritorio/Aplicacion_web/Genesis_profesional/vendor/laravel/framework/src/Illuminate/Foundation/Http/Kernel.php(200): Illuminate/Routing/Router->dispatch(Object(Illuminate/Http/Request))
#35 C:/Users/josec/OneDrive/Escritorio/Aplicacion_web/Genesis_profesional/vendor/laravel/framework/src/Illuminate/Pipeline/Pipeline.php(180): Illuminate/Foundation/Http/Kernel->Illuminate/Foundation/Http/{closure}(Object(Illuminate/Http/Request))
#36 C:/Users/josec/OneDrive/Escritorio/Aplicacion_web/Genesis_profesional/vendor/laravel/framework/src/Illuminate/Foundation/Http/Middleware/TransformsRequest.php(21): Illuminate/Pipeline/Pipeline->Illuminate/Pipeline/{closure}(Object(Illuminate/Http/Request))
#37 C:/Users/josec/OneDrive/Escritorio/Aplicacion_web/Genesis_profesional/vendor/laravel/framework/src/Illuminate/Foundation/Http/Middleware/ConvertEmptyStringsToNull.php(31): Illuminate/Foundation/Http/Middleware/TransformsRequest->handle(Object(Illuminate/Http/Request), Object(Closure))
#38 C:/Users/josec/OneDrive/Escritorio/Aplicacion_web/Genesis_profesional/vendor/laravel/framework/src/Illuminate/Pipeline/Pipeline.php(219): Illuminate/Foundation/Http/Middleware/ConvertEmptyStringsToNull->handle(Object(Illuminate/Http/Request), Object(Closure))
#39 C:/Users/josec/OneDrive/Escritorio/Aplicacion_web/Genesis_profesional/vendor/laravel/framework/src/Illuminate/Foundation/Http/Middleware/TransformsRequest.php(21): Illuminate/Pipeline/Pipeline->Illuminate/Pipeline/{closure}(Object(Illuminate/Http/Request))
#40 C:/Users/josec/OneDrive/Escritorio/Aplicacion_web/Genesis_profesional/vendor/laravel/framework/src/Illuminate/Foundation/Http/Middleware/TrimStrings.php(51): Illuminate/Foundation/Http/Middleware/TransformsRequest->handle(Object(Illuminate/Http/Request), Object(Closure))
#41 C:/Users/josec/OneDrive/Escritorio/Aplicacion_web/Genesis_profesional/vendor/laravel/framework/src/Illuminate/Pipeline/Pipeline.php(219): Illuminate/Foundation/Http/Middleware/TrimStrings->handle(Object(Illuminate/Http/Request), Object(Closure))
#42 C:/Users/josec/OneDrive/Escritorio/Aplicacion_web/Genesis_profesional/vendor/laravel/framework/src/Illuminate/Http/Middleware/ValidatePostSize.php(27): Illuminate/Pipeline/Pipeline->Illuminate/Pipeline/{closure}(Object(Illuminate/Http/Request))
#43 C:/Users/josec/OneDrive/Escritorio/Aplicacion_web/Genesis_profesional/vendor/laravel/framework/src/Illuminate/Pipeline/Pipeline.php(219): Illuminate/Http/Middleware/ValidatePostSize->handle(Object(Illuminate/Http/Request), Object(Closure))
#44 C:/Users/josec/OneDrive/Escritorio/Aplicacion_web/Genesis_profesional/vendor/laravel/framework/src/Illuminate/Foundation/Http/Middleware/PreventRequestsDuringMaintenance.php(109): Illuminate/Pipeline/Pipeline->Illuminate/Pipeline/{closure}(Object(Illuminate/Http/Request))
#45 C:/Users/josec/OneDrive/Escritorio/Aplicacion_web/Genesis_profesional/vendor/laravel/framework/src/Illuminate/Pipeline/Pipeline.php(219): Illuminate/Foundation/Http/Middleware/PreventRequestsDuringMaintenance->handle(Object(Illuminate/Http/Request), Object(Closure))
#46 C:/Users/josec/OneDrive/Escritorio/Aplicacion_web/Genesis_profesional/vendor/laravel/framework/src/Illuminate/Http/Middleware/HandleCors.php(61): Illuminate/Pipeline/Pipeline->Illuminate/Pipeline/{closure}(Object(Illuminate/Http/Request))
#47 C:/Users/josec/OneDrive/Escritorio/Aplicacion_web/Genesis_profesional/vendor/laravel/framework/src/Illuminate/Pipeline/Pipeline.php(219): Illuminate/Http/Middleware/HandleCors->handle(Object(Illuminate/Http/Request), Object(Closure))
#48 C:/Users/josec/OneDrive/Escritorio/Aplicacion_web/Genesis_profesional/vendor/laravel/framework/src/Illuminate/Http/Middleware/TrustProxies.php(58): Illuminate/Pipeline/Pipeline->Illuminate/Pipeline/{closure}(Object(Illuminate/Http/Request))
#49 C:/Users/josec/OneDrive/Escritorio/Aplicacion_web/Genesis_profesional/vendor/laravel/framework/src/Illuminate/Pipeline/Pipeline.php(219): Illuminate/Http/Middleware/TrustProxies->handle(Object(Illuminate/Http/Request), Object(Closure))
#50 C:/Users/josec/OneDrive/Escritorio/Aplicacion_web/Genesis_profesional/vendor/laravel/framework/src/Illuminate/Foundation/Http/Middleware/InvokeDeferredCallbacks.php(22): Illuminate/Pipeline/Pipeline->Illuminate/Pipeline/{closure}(Object(Illuminate/Http/Request))
#51 C:/Users/josec/OneDrive/Escritorio/Aplicacion_web/Genesis_profesional/vendor/laravel/framework/src/Illuminate/Pipeline/Pipeline.php(219): Illuminate/Foundation/Http/Middleware/InvokeDeferredCallbacks->handle(Object(Illuminate/Http/Request), Object(Closure))
#52 C:/Users/josec/OneDrive/Escritorio/Aplicacion_web/Genesis_profesional/vendor/laravel/framework/src/Illuminate/Http/Middleware/ValidatePathEncoding.php(26): Illuminate/Pipeline/Pipeline->Illuminate/Pipeline/{closure}(Object(Illuminate/Http/Request))
#53 C:/Users/josec/OneDrive/Escritorio/Aplicacion_web/Genesis_profesional/vendor/laravel/framework/src/Illuminate/Pipeline/Pipeline.php(219): Illuminate/Http/Middleware/ValidatePathEncoding->handle(Object(Illuminate/Http/Request), Object(Closure))
#54 C:/Users/josec/OneDrive/Escritorio/Aplicacion_web/Genesis_profesional/vendor/laravel/framework/src/Illuminate/Pipeline/Pipeline.php(137): Illuminate/Pipeline/Pipeline->Illuminate/Pipeline/{closure}(Object(Illuminate/Http/Request))
#55 C:/Users/josec/OneDrive/Escritorio/Aplicacion_web/Genesis_profesional/vendor/laravel/framework/src/Illuminate/Foundation/Http/Kernel.php(175): Illuminate/Pipeline/Pipeline->then(Object(Closure))
#56 C:/Users/josec/OneDrive/Escritorio/Aplicacion_web/Genesis_profesional/vendor/laravel/framework/src/Illuminate/Foundation/Http/Kernel.php(144): Illuminate/Foundation/Http/Kernel->sendRequestThroughRouter(Object(Illuminate/Http/Request))
#57 C:/Users/josec/OneDrive/Escritorio/Aplicacion_web/Genesis_profesional/vendor/laravel/framework/src/Illuminate/Foundation/Application.php(1220): Illuminate/Foundation/Http/Kernel->handle(Object(Illuminate/Http/Request))
#58 C:/Users/josec/OneDrive/Escritorio/Aplicacion_web/Genesis_profesional/public/index.php(20): Illuminate/Foundation/Application->handleRequest(Object(Illuminate/Http/Request))
#59 C:/Users/josec/OneDrive/Escritorio/Aplicacion_web/Genesis_profesional/vendor/laravel/framework/src/Illuminate/Foundation/resources/server.php(23): require_once('C://Users//josec//...')
#60 {main}
"} 
[2026-06-18 07:42:16] local.ERROR: Database file at path [C:\Users\josec\OneDrive\Escritorio\Aplicacion_web\Genesis_profesional\database\database.sqlite] does not exist. Ensure this is an absolute path to the database. (Connection: sqlite, Database: C:\Users\josec\OneDrive\Escritorio\Aplicacion_web\Genesis_profesional\database\database.sqlite, SQL: select * from "sessions" where "id" = VJNNHQaAfq3szfr4hhIY3cYVW0i2EW6ZCIFhd3iB limit 1) {"exception":"[object] (Illuminate\\Database\\QueryException(code: 0): Database file at path [C:\\Users\\josec\\OneDrive\\Escritorio\\Aplicacion_web\\Genesis_profesional\\database\\database.sqlite] does not exist. Ensure this is an absolute path to the database. (Connection: sqlite, Database: C:\\Users\\josec\\OneDrive\\Escritorio\\Aplicacion_web\\Genesis_profesional\\database\\database.sqlite, SQL: select * from \"sessions\" where \"id\" = VJNNHQaAfq3szfr4hhIY3cYVW0i2EW6ZCIFhd3iB limit 1) at C:/Users/josec/OneDrive/Escritorio/Aplicacion_web/Genesis_profesional/vendor/laravel/framework/src/Illuminate/Database/Connection.php:838)
[stacktrace]
#0 C:/Users/josec/OneDrive/Escritorio/Aplicacion_web/Genesis_profesional/vendor/laravel/framework/src/Illuminate/Database/Connection.php(794): Illuminate/Database/Connection->runQueryCallback('select * from \"...', Array, Object(Closure))
#1 C:/Users/josec/OneDrive/Escritorio/Aplicacion_web/Genesis_profesional/vendor/laravel/framework/src/Illuminate/Database/Connection.php(411): Illuminate/Database/Connection->run('select * from \"...', Array, Object(Closure))
#2 C:/Users/josec/OneDrive/Escritorio/Aplicacion_web/Genesis_profesional/vendor/laravel/framework/src/Illuminate/Database/Query/Builder.php(3505): Illuminate/Database/Connection->select('select * from \"...', Array, false)
#3 C:/Users/josec/OneDrive/Escritorio/Aplicacion_web/Genesis_profesional/vendor/laravel/framework/src/Illuminate/Database/Query/Builder.php(3490): Illuminate/Database/Query/Builder->runSelect()
#4 C:/Users/josec/OneDrive/Escritorio/Aplicacion_web/Genesis_profesional/vendor/laravel/framework/src/Illuminate/Database/Query/Builder.php(4080): Illuminate/Database/Query/Builder->Illuminate/Database/Query/{closure}()
#5 C:/Users/josec/OneDrive/Escritorio/Aplicacion_web/Genesis_profesional/vendor/laravel/framework/src/Illuminate/Database/Query/Builder.php(3489): Illuminate/Database/Query/Builder->onceWithColumns(Array, Object(Closure))
#6 C:/Users/josec/OneDrive/Escritorio/Aplicacion_web/Genesis_profesional/vendor/laravel/framework/src/Illuminate/Database/Concerns/BuildsQueries.php(366): Illuminate/Database/Query/Builder->get(Array)
#7 C:/Users/josec/OneDrive/Escritorio/Aplicacion_web/Genesis_profesional/vendor/laravel/framework/src/Illuminate/Database/Query/Builder.php(3412): Illuminate/Database/Query/Builder->first(Array)
#8 C:/Users/josec/OneDrive/Escritorio/Aplicacion_web/Genesis_profesional/vendor/laravel/framework/src/Illuminate/Session/DatabaseSessionHandler.php(96): Illuminate/Database/Query/Builder->find('VJNNHQaAfq3szfr...')
#9 C:/Users/josec/OneDrive/Escritorio/Aplicacion_web/Genesis_profesional/vendor/laravel/framework/src/Illuminate/Session/Store.php(128): Illuminate/Session/DatabaseSessionHandler->read('VJNNHQaAfq3szfr...')
#10 C:/Users/josec/OneDrive/Escritorio/Aplicacion_web/Genesis_profesional/vendor/laravel/framework/src/Illuminate/Session/Store.php(116): Illuminate/Session/Store->readFromHandler()
#11 C:/Users/josec/OneDrive/Escritorio/Aplicacion_web/Genesis_profesional/vendor/laravel/framework/src/Illuminate/Session/Store.php(100): Illuminate/Session/Store->loadSession()
#12 C:/Users/josec/OneDrive/Escritorio/Aplicacion_web/Genesis_profesional/vendor/laravel/framework/src/Illuminate/Session/Middleware/StartSession.php(146): Illuminate/Session/Store->start()
#13 C:/Users/josec/OneDrive/Escritorio/Aplicacion_web/Genesis_profesional/vendor/laravel/framework/src/Illuminate/Support/helpers.php(393): Illuminate/Session/Middleware/StartSession->Illuminate/Session/Middleware/{closure}(Object(Illuminate/Session/Store))
#14 C:/Users/josec/OneDrive/Escritorio/Aplicacion_web/Genesis_profesional/vendor/laravel/framework/src/Illuminate/Session/Middleware/StartSession.php(143): tap(Object(Illuminate/Session/Store), Object(Closure))
#15 C:/Users/josec/OneDrive/Escritorio/Aplicacion_web/Genesis_profesional/vendor/laravel/framework/src/Illuminate/Session/Middleware/StartSession.php(115): Illuminate/Session/Middleware/StartSession->startSession(Object(Illuminate/Http/Request), Object(Illuminate/Session/Store))
#16 C:/Users/josec/OneDrive/Escritorio/Aplicacion_web/Genesis_profesional/vendor/laravel/framework/src/Illuminate/Session/Middleware/StartSession.php(63): Illuminate/Session/Middleware/StartSession->handleStatefulRequest(Object(Illuminate/Http/Request), Object(Illuminate/Session/Store), Object(Closure))
#17 C:/Users/josec/OneDrive/Escritorio/Aplicacion_web/Genesis_profesional/vendor/laravel/framework/src/Illuminate/Pipeline/Pipeline.php(219): Illuminate/Session/Middleware/StartSession->handle(Object(Illuminate/Http/Request), Object(Closure))
#18 C:/Users/josec/OneDrive/Escritorio/Aplicacion_web/Genesis_profesional/vendor/laravel/framework/src/Illuminate/Cookie/Middleware/AddQueuedCookiesToResponse.php(36): Illuminate/Pipeline/Pipeline->Illuminate/Pipeline/{closure}(Object(Illuminate/Http/Request))
#19 C:/Users/josec/OneDrive/Escritorio/Aplicacion_web/Genesis_profesional/vendor/laravel/framework/src/Illuminate/Pipeline/Pipeline.php(219): Illuminate/Cookie/Middleware/AddQueuedCookiesToResponse->handle(Object(Illuminate/Http/Request), Object(Closure))
#20 C:/Users/josec/OneDrive/Escritorio/Aplicacion_web/Genesis_profesional/vendor/laravel/framework/src/Illuminate/Cookie/Middleware/EncryptCookies.php(74): Illuminate/Pipeline/Pipeline->Illuminate/Pipeline/{closure}(Object(Illuminate/Http/Request))
#21 C:/Users/josec/OneDrive/Escritorio/Aplicacion_web/Genesis_profesional/vendor/laravel/framework/src/Illuminate/Pipeline/Pipeline.php(219): Illuminate/Cookie/Middleware/EncryptCookies->handle(Object(Illuminate/Http/Request), Object(Closure))
#22 C:/Users/josec/OneDrive/Escritorio/Aplicacion_web/Genesis_profesional/vendor/laravel/framework/src/Illuminate/Pipeline/Pipeline.php(137): Illuminate/Pipeline/Pipeline->Illuminate/Pipeline/{closure}(Object(Illuminate/Http/Request))
#23 C:/Users/josec/OneDrive/Escritorio/Aplicacion_web/Genesis_profesional/vendor/laravel/framework/src/Illuminate/Routing/Router.php(821): Illuminate/Pipeline/Pipeline->then(Object(Closure))
#24 C:/Users/josec/OneDrive/Escritorio/Aplicacion_web/Genesis_profesional/vendor/laravel/framework/src/Illuminate/Routing/Router.php(800): Illuminate/Routing/Router->runRouteWithinStack(Object(Illuminate/Routing/Route), Object(Illuminate/Http/Request))
#25 C:/Users/josec/OneDrive/Escritorio/Aplicacion_web/Genesis_profesional/vendor/laravel/framework/src/Illuminate/Routing/Router.php(764): Illuminate/Routing/Router->runRoute(Object(Illuminate/Http/Request), Object(Illuminate/Routing/Route))
#26 C:/Users/josec/OneDrive/Escritorio/Aplicacion_web/Genesis_profesional/vendor/laravel/framework/src/Illuminate/Routing/Router.php(753): Illuminate/Routing/Router->dispatchToRoute(Object(Illuminate/Http/Request))
#27 C:/Users/josec/OneDrive/Escritorio/Aplicacion_web/Genesis_profesional/vendor/laravel/framework/src/Illuminate/Foundation/Http/Kernel.php(200): Illuminate/Routing/Router->dispatch(Object(Illuminate/Http/Request))
#28 C:/Users/josec/OneDrive/Escritorio/Aplicacion_web/Genesis_profesional/vendor/laravel/framework/src/Illuminate/Pipeline/Pipeline.php(180): Illuminate/Foundation/Http/Kernel->Illuminate/Foundation/Http/{closure}(Object(Illuminate/Http/Request))
#29 C:/Users/josec/OneDrive/Escritorio/Aplicacion_web/Genesis_profesional/vendor/laravel/framework/src/Illuminate/Foundation/Http/Middleware/TransformsRequest.php(21): Illuminate/Pipeline/Pipeline->Illuminate/Pipeline/{closure}(Object(Illuminate/Http/Request))
#30 C:/Users/josec/OneDrive/Escritorio/Aplicacion_web/Genesis_profesional/vendor/laravel/framework/src/Illuminate/Foundation/Http/Middleware/ConvertEmptyStringsToNull.php(31): Illuminate/Foundation/Http/Middleware/TransformsRequest->handle(Object(Illuminate/Http/Request), Object(Closure))
#31 C:/Users/josec/OneDrive/Escritorio/Aplicacion_web/Genesis_profesional/vendor/laravel/framework/src/Illuminate/Pipeline/Pipeline.php(219): Illuminate/Foundation/Http/Middleware/ConvertEmptyStringsToNull->handle(Object(Illuminate/Http/Request), Object(Closure))
#32 C:/Users/josec/OneDrive/Escritorio/Aplicacion_web/Genesis_profesional/vendor/laravel/framework/src/Illuminate/Foundation/Http/Middleware/TransformsRequest.php(21): Illuminate/Pipeline/Pipeline->Illuminate/Pipeline/{closure}(Object(Illuminate/Http/Request))
#33 C:/Users/josec/OneDrive/Escritorio/Aplicacion_web/Genesis_profesional/vendor/laravel/framework/src/Illuminate/Foundation/Http/Middleware/TrimStrings.php(51): Illuminate/Foundation/Http/Middleware/TransformsRequest->handle(Object(Illuminate/Http/Request), Object(Closure))
#34 C:/Users/josec/OneDrive/Escritorio/Aplicacion_web/Genesis_profesional/vendor/laravel/framework/src/Illuminate/Pipeline/Pipeline.php(219): Illuminate/Foundation/Http/Middleware/TrimStrings->handle(Object(Illuminate/Http/Request), Object(Closure))
#35 C:/Users/josec/OneDrive/Escritorio/Aplicacion_web/Genesis_profesional/vendor/laravel/framework/src/Illuminate/Http/Middleware/ValidatePostSize.php(27): Illuminate/Pipeline/Pipeline->Illuminate/Pipeline/{closure}(Object(Illuminate/Http/Request))
#36 C:/Users/josec/OneDrive/Escritorio/Aplicacion_web/Genesis_profesional/vendor/laravel/framework/src/Illuminate/Pipeline/Pipeline.php(219): Illuminate/Http/Middleware/ValidatePostSize->handle(Object(Illuminate/Http/Request), Object(Closure))
#37 C:/Users/josec/OneDrive/Escritorio/Aplicacion_web/Genesis_profesional/vendor/laravel/framework/src/Illuminate/Foundation/Http/Middleware/PreventRequestsDuringMaintenance.php(109): Illuminate/Pipeline/Pipeline->Illuminate/Pipeline/{closure}(Object(Illuminate/Http/Request))
#38 C:/Users/josec/OneDrive/Escritorio/Aplicacion_web/Genesis_profesional/vendor/laravel/framework/src/Illuminate/Pipeline/Pipeline.php(219): Illuminate/Foundation/Http/Middleware/PreventRequestsDuringMaintenance->handle(Object(Illuminate/Http/Request), Object(Closure))
#39 C:/Users/josec/OneDrive/Escritorio/Aplicacion_web/Genesis_profesional/vendor/laravel/framework/src/Illuminate/Http/Middleware/HandleCors.php(61): Illuminate/Pipeline/Pipeline->Illuminate/Pipeline/{closure}(Object(Illuminate/Http/Request))
#40 C:/Users/josec/OneDrive/Escritorio/Aplicacion_web/Genesis_profesional/vendor/laravel/framework/src/Illuminate/Pipeline/Pipeline.php(219): Illuminate/Http/Middleware/HandleCors->handle(Object(Illuminate/Http/Request), Object(Closure))
#41 C:/Users/josec/OneDrive/Escritorio/Aplicacion_web/Genesis_profesional/vendor/laravel/framework/src/Illuminate/Http/Middleware/TrustProxies.php(58): Illuminate/Pipeline/Pipeline->Illuminate/Pipeline/{closure}(Object(Illuminate/Http/Request))
#42 C:/Users/josec/OneDrive/Escritorio/Aplicacion_web/Genesis_profesional/vendor/laravel/framework/src/Illuminate/Pipeline/Pipeline.php(219): Illuminate/Http/Middleware/TrustProxies->handle(Object(Illuminate/Http/Request), Object(Closure))
#43 C:/Users/josec/OneDrive/Escritorio/Aplicacion_web/Genesis_profesional/vendor/laravel/framework/src/Illuminate/Foundation/Http/Middleware/InvokeDeferredCallbacks.php(22): Illuminate/Pipeline/Pipeline->Illuminate/Pipeline/{closure}(Object(Illuminate/Http/Request))
#44 C:/Users/josec/OneDrive/Escritorio/Aplicacion_web/Genesis_profesional/vendor/laravel/framework/src/Illuminate/Pipeline/Pipeline.php(219): Illuminate/Foundation/Http/Middleware/InvokeDeferredCallbacks->handle(Object(Illuminate/Http/Request), Object(Closure))
#45 C:/Users/josec/OneDrive/Escritorio/Aplicacion_web/Genesis_profesional/vendor/laravel/framework/src/Illuminate/Http/Middleware/ValidatePathEncoding.php(26): Illuminate/Pipeline/Pipeline->Illuminate/Pipeline/{closure}(Object(Illuminate/Http/Request))
#46 C:/Users/josec/OneDrive/Escritorio/Aplicacion_web/Genesis_profesional/vendor/laravel/framework/src/Illuminate/Pipeline/Pipeline.php(219): Illuminate/Http/Middleware/ValidatePathEncoding->handle(Object(Illuminate/Http/Request), Object(Closure))
#47 C:/Users/josec/OneDrive/Escritorio/Aplicacion_web/Genesis_profesional/vendor/laravel/framework/src/Illuminate/Pipeline/Pipeline.php(137): Illuminate/Pipeline/Pipeline->Illuminate/Pipeline/{closure}(Object(Illuminate/Http/Request))
#48 C:/Users/josec/OneDrive/Escritorio/Aplicacion_web/Genesis_profesional/vendor/laravel/framework/src/Illuminate/Foundation/Http/Kernel.php(175): Illuminate/Pipeline/Pipeline->then(Object(Closure))
#49 C:/Users/josec/OneDrive/Escritorio/Aplicacion_web/Genesis_profesional/vendor/laravel/framework/src/Illuminate/Foundation/Http/Kernel.php(144): Illuminate/Foundation/Http/Kernel->sendRequestThroughRouter(Object(Illuminate/Http/Request))
#50 C:/Users/josec/OneDrive/Escritorio/Aplicacion_web/Genesis_profesional/vendor/laravel/framework/src/Illuminate/Foundation/Application.php(1220): Illuminate/Foundation/Http/Kernel->handle(Object(Illuminate/Http/Request))
#51 C:/Users/josec/OneDrive/Escritorio/Aplicacion_web/Genesis_profesional/public/index.php(20): Illuminate/Foundation/Application->handleRequest(Object(Illuminate/Http/Request))
#52 C:/Users/josec/OneDrive/Escritorio/Aplicacion_web/Genesis_profesional/vendor/laravel/framework/src/Illuminate/Foundation/resources/server.php(23): require_once('C://Users//josec//...')
#53 {main}

[previous exception] [object] (Illuminate\\Database\\SQLiteDatabaseDoesNotExistException(code: 0): Database file at path [C:\\Users\\josec\\OneDrive\\Escritorio\\Aplicacion_web\\Genesis_profesional\\database\\database.sqlite] does not exist. Ensure this is an absolute path to the database. at C:/Users/josec/OneDrive/Escritorio/Aplicacion_web/Genesis_profesional/vendor/laravel/framework/src/Illuminate/Database/Connectors/SQLiteConnector.php:60)
[stacktrace]
#0 C:/Users/josec/OneDrive/Escritorio/Aplicacion_web/Genesis_profesional/vendor/laravel/framework/src/Illuminate/Database/Connectors/SQLiteConnector.php(19): Illuminate/Database/Connectors/SQLiteConnector->parseDatabasePath(false)
#1 C:/Users/josec/OneDrive/Escritorio/Aplicacion_web/Genesis_profesional/vendor/laravel/framework/src/Illuminate/Database/Connectors/ConnectionFactory.php(225): Illuminate/Database/Connectors/SQLiteConnector->connect(Array)
#2 [internal function]: Illuminate/Database/Connectors/ConnectionFactory->Illuminate/Database/Connectors/{closure}()
#3 C:/Users/josec/OneDrive/Escritorio/Aplicacion_web/Genesis_profesional/vendor/laravel/framework/src/Illuminate/Database/Connection.php(1257): call_user_func(Object(Closure))
#4 C:/Users/josec/OneDrive/Escritorio/Aplicacion_web/Genesis_profesional/vendor/laravel/framework/src/Illuminate/Database/Connection.php(525): Illuminate/Database/Connection->getPdo()
#5 C:/Users/josec/OneDrive/Escritorio/Aplicacion_web/Genesis_profesional/vendor/laravel/framework/src/Illuminate/Database/Connection.php(420): Illuminate/Database/Connection->getPdoForSelect(false)
#6 C:/Users/josec/OneDrive/Escritorio/Aplicacion_web/Genesis_profesional/vendor/laravel/framework/src/Illuminate/Database/Connection.php(827): Illuminate/Database/Connection->Illuminate/Database/{closure}('select * from \"...', Array)
#7 C:/Users/josec/OneDrive/Escritorio/Aplicacion_web/Genesis_profesional/vendor/laravel/framework/src/Illuminate/Database/Connection.php(794): Illuminate/Database/Connection->runQueryCallback('select * from \"...', Array, Object(Closure))
#8 C:/Users/josec/OneDrive/Escritorio/Aplicacion_web/Genesis_profesional/vendor/laravel/framework/src/Illuminate/Database/Connection.php(411): Illuminate/Database/Connection->run('select * from \"...', Array, Object(Closure))
#9 C:/Users/josec/OneDrive/Escritorio/Aplicacion_web/Genesis_profesional/vendor/laravel/framework/src/Illuminate/Database/Query/Builder.php(3505): Illuminate/Database/Connection->select('select * from \"...', Array, false)
#10 C:/Users/josec/OneDrive/Escritorio/Aplicacion_web/Genesis_profesional/vendor/laravel/framework/src/Illuminate/Database/Query/Builder.php(3490): Illuminate/Database/Query/Builder->runSelect()
#11 C:/Users/josec/OneDrive/Escritorio/Aplicacion_web/Genesis_profesional/vendor/laravel/framework/src/Illuminate/Database/Query/Builder.php(4080): Illuminate/Database/Query/Builder->Illuminate/Database/Query/{closure}()
#12 C:/Users/josec/OneDrive/Escritorio/Aplicacion_web/Genesis_profesional/vendor/laravel/framework/src/Illuminate/Database/Query/Builder.php(3489): Illuminate/Database/Query/Builder->onceWithColumns(Array, Object(Closure))
#13 C:/Users/josec/OneDrive/Escritorio/Aplicacion_web/Genesis_profesional/vendor/laravel/framework/src/Illuminate/Database/Concerns/BuildsQueries.php(366): Illuminate/Database/Query/Builder->get(Array)
#14 C:/Users/josec/OneDrive/Escritorio/Aplicacion_web/Genesis_profesional/vendor/laravel/framework/src/Illuminate/Database/Query/Builder.php(3412): Illuminate/Database/Query/Builder->first(Array)
#15 C:/Users/josec/OneDrive/Escritorio/Aplicacion_web/Genesis_profesional/vendor/laravel/framework/src/Illuminate/Session/DatabaseSessionHandler.php(96): Illuminate/Database/Query/Builder->find('VJNNHQaAfq3szfr...')
#16 C:/Users/josec/OneDrive/Escritorio/Aplicacion_web/Genesis_profesional/vendor/laravel/framework/src/Illuminate/Session/Store.php(128): Illuminate/Session/DatabaseSessionHandler->read('VJNNHQaAfq3szfr...')
#17 C:/Users/josec/OneDrive/Escritorio/Aplicacion_web/Genesis_profesional/vendor/laravel/framework/src/Illuminate/Session/Store.php(116): Illuminate/Session/Store->readFromHandler()
#18 C:/Users/josec/OneDrive/Escritorio/Aplicacion_web/Genesis_profesional/vendor/laravel/framework/src/Illuminate/Session/Store.php(100): Illuminate/Session/Store->loadSession()
#19 C:/Users/josec/OneDrive/Escritorio/Aplicacion_web/Genesis_profesional/vendor/laravel/framework/src/Illuminate/Session/Middleware/StartSession.php(146): Illuminate/Session/Store->start()
#20 C:/Users/josec/OneDrive/Escritorio/Aplicacion_web/Genesis_profesional/vendor/laravel/framework/src/Illuminate/Support/helpers.php(393): Illuminate/Session/Middleware/StartSession->Illuminate/Session/Middleware/{closure}(Object(Illuminate/Session/Store))
#21 C:/Users/josec/OneDrive/Escritorio/Aplicacion_web/Genesis_profesional/vendor/laravel/framework/src/Illuminate/Session/Middleware/StartSession.php(143): tap(Object(Illuminate/Session/Store), Object(Closure))
#22 C:/Users/josec/OneDrive/Escritorio/Aplicacion_web/Genesis_profesional/vendor/laravel/framework/src/Illuminate/Session/Middleware/StartSession.php(115): Illuminate/Session/Middleware/StartSession->startSession(Object(Illuminate/Http/Request), Object(Illuminate/Session/Store))
#23 C:/Users/josec/OneDrive/Escritorio/Aplicacion_web/Genesis_profesional/vendor/laravel/framework/src/Illuminate/Session/Middleware/StartSession.php(63): Illuminate/Session/Middleware/StartSession->handleStatefulRequest(Object(Illuminate/Http/Request), Object(Illuminate/Session/Store), Object(Closure))
#24 C:/Users/josec/OneDrive/Escritorio/Aplicacion_web/Genesis_profesional/vendor/laravel/framework/src/Illuminate/Pipeline/Pipeline.php(219): Illuminate/Session/Middleware/StartSession->handle(Object(Illuminate/Http/Request), Object(Closure))
#25 C:/Users/josec/OneDrive/Escritorio/Aplicacion_web/Genesis_profesional/vendor/laravel/framework/src/Illuminate/Cookie/Middleware/AddQueuedCookiesToResponse.php(36): Illuminate/Pipeline/Pipeline->Illuminate/Pipeline/{closure}(Object(Illuminate/Http/Request))
#26 C:/Users/josec/OneDrive/Escritorio/Aplicacion_web/Genesis_profesional/vendor/laravel/framework/src/Illuminate/Pipeline/Pipeline.php(219): Illuminate/Cookie/Middleware/AddQueuedCookiesToResponse->handle(Object(Illuminate/Http/Request), Object(Closure))
#27 C:/Users/josec/OneDrive/Escritorio/Aplicacion_web/Genesis_profesional/vendor/laravel/framework/src/Illuminate/Cookie/Middleware/EncryptCookies.php(74): Illuminate/Pipeline/Pipeline->Illuminate/Pipeline/{closure}(Object(Illuminate/Http/Request))
#28 C:/Users/josec/OneDrive/Escritorio/Aplicacion_web/Genesis_profesional/vendor/laravel/framework/src/Illuminate/Pipeline/Pipeline.php(219): Illuminate/Cookie/Middleware/EncryptCookies->handle(Object(Illuminate/Http/Request), Object(Closure))
#29 C:/Users/josec/OneDrive/Escritorio/Aplicacion_web/Genesis_profesional/vendor/laravel/framework/src/Illuminate/Pipeline/Pipeline.php(137): Illuminate/Pipeline/Pipeline->Illuminate/Pipeline/{closure}(Object(Illuminate/Http/Request))
#30 C:/Users/josec/OneDrive/Escritorio/Aplicacion_web/Genesis_profesional/vendor/laravel/framework/src/Illuminate/Routing/Router.php(821): Illuminate/Pipeline/Pipeline->then(Object(Closure))
#31 C:/Users/josec/OneDrive/Escritorio/Aplicacion_web/Genesis_profesional/vendor/laravel/framework/src/Illuminate/Routing/Router.php(800): Illuminate/Routing/Router->runRouteWithinStack(Object(Illuminate/Routing/Route), Object(Illuminate/Http/Request))
#32 C:/Users/josec/OneDrive/Escritorio/Aplicacion_web/Genesis_profesional/vendor/laravel/framework/src/Illuminate/Routing/Router.php(764): Illuminate/Routing/Router->runRoute(Object(Illuminate/Http/Request), Object(Illuminate/Routing/Route))
#33 C:/Users/josec/OneDrive/Escritorio/Aplicacion_web/Genesis_profesional/vendor/laravel/framework/src/Illuminate/Routing/Router.php(753): Illuminate/Routing/Router->dispatchToRoute(Object(Illuminate/Http/Request))
#34 C:/Users/josec/OneDrive/Escritorio/Aplicacion_web/Genesis_profesional/vendor/laravel/framework/src/Illuminate/Foundation/Http/Kernel.php(200): Illuminate/Routing/Router->dispatch(Object(Illuminate/Http/Request))
#35 C:/Users/josec/OneDrive/Escritorio/Aplicacion_web/Genesis_profesional/vendor/laravel/framework/src/Illuminate/Pipeline/Pipeline.php(180): Illuminate/Foundation/Http/Kernel->Illuminate/Foundation/Http/{closure}(Object(Illuminate/Http/Request))
#36 C:/Users/josec/OneDrive/Escritorio/Aplicacion_web/Genesis_profesional/vendor/laravel/framework/src/Illuminate/Foundation/Http/Middleware/TransformsRequest.php(21): Illuminate/Pipeline/Pipeline->Illuminate/Pipeline/{closure}(Object(Illuminate/Http/Request))
#37 C:/Users/josec/OneDrive/Escritorio/Aplicacion_web/Genesis_profesional/vendor/laravel/framework/src/Illuminate/Foundation/Http/Middleware/ConvertEmptyStringsToNull.php(31): Illuminate/Foundation/Http/Middleware/TransformsRequest->handle(Object(Illuminate/Http/Request), Object(Closure))
#38 C:/Users/josec/OneDrive/Escritorio/Aplicacion_web/Genesis_profesional/vendor/laravel/framework/src/Illuminate/Pipeline/Pipeline.php(219): Illuminate/Foundation/Http/Middleware/ConvertEmptyStringsToNull->handle(Object(Illuminate/Http/Request), Object(Closure))
#39 C:/Users/josec/OneDrive/Escritorio/Aplicacion_web/Genesis_profesional/vendor/laravel/framework/src/Illuminate/Foundation/Http/Middleware/TransformsRequest.php(21): Illuminate/Pipeline/Pipeline->Illuminate/Pipeline/{closure}(Object(Illuminate/Http/Request))
#40 C:/Users/josec/OneDrive/Escritorio/Aplicacion_web/Genesis_profesional/vendor/laravel/framework/src/Illuminate/Foundation/Http/Middleware/TrimStrings.php(51): Illuminate/Foundation/Http/Middleware/TransformsRequest->handle(Object(Illuminate/Http/Request), Object(Closure))
#41 C:/Users/josec/OneDrive/Escritorio/Aplicacion_web/Genesis_profesional/vendor/laravel/framework/src/Illuminate/Pipeline/Pipeline.php(219): Illuminate/Foundation/Http/Middleware/TrimStrings->handle(Object(Illuminate/Http/Request), Object(Closure))
#42 C:/Users/josec/OneDrive/Escritorio/Aplicacion_web/Genesis_profesional/vendor/laravel/framework/src/Illuminate/Http/Middleware/ValidatePostSize.php(27): Illuminate/Pipeline/Pipeline->Illuminate/Pipeline/{closure}(Object(Illuminate/Http/Request))
#43 C:/Users/josec/OneDrive/Escritorio/Aplicacion_web/Genesis_profesional/vendor/laravel/framework/src/Illuminate/Pipeline/Pipeline.php(219): Illuminate/Http/Middleware/ValidatePostSize->handle(Object(Illuminate/Http/Request), Object(Closure))
#44 C:/Users/josec/OneDrive/Escritorio/Aplicacion_web/Genesis_profesional/vendor/laravel/framework/src/Illuminate/Foundation/Http/Middleware/PreventRequestsDuringMaintenance.php(109): Illuminate/Pipeline/Pipeline->Illuminate/Pipeline/{closure}(Object(Illuminate/Http/Request))
#45 C:/Users/josec/OneDrive/Escritorio/Aplicacion_web/Genesis_profesional/vendor/laravel/framework/src/Illuminate/Pipeline/Pipeline.php(219): Illuminate/Foundation/Http/Middleware/PreventRequestsDuringMaintenance->handle(Object(Illuminate/Http/Request), Object(Closure))
#46 C:/Users/josec/OneDrive/Escritorio/Aplicacion_web/Genesis_profesional/vendor/laravel/framework/src/Illuminate/Http/Middleware/HandleCors.php(61): Illuminate/Pipeline/Pipeline->Illuminate/Pipeline/{closure}(Object(Illuminate/Http/Request))
#47 C:/Users/josec/OneDrive/Escritorio/Aplicacion_web/Genesis_profesional/vendor/laravel/framework/src/Illuminate/Pipeline/Pipeline.php(219): Illuminate/Http/Middleware/HandleCors->handle(Object(Illuminate/Http/Request), Object(Closure))
#48 C:/Users/josec/OneDrive/Escritorio/Aplicacion_web/Genesis_profesional/vendor/laravel/framework/src/Illuminate/Http/Middleware/TrustProxies.php(58): Illuminate/Pipeline/Pipeline->Illuminate/Pipeline/{closure}(Object(Illuminate/Http/Request))
#49 C:/Users/josec/OneDrive/Escritorio/Aplicacion_web/Genesis_profesional/vendor/laravel/framework/src/Illuminate/Pipeline/Pipeline.php(219): Illuminate/Http/Middleware/TrustProxies->handle(Object(Illuminate/Http/Request), Object(Closure))
#50 C:/Users/josec/OneDrive/Escritorio/Aplicacion_web/Genesis_profesional/vendor/laravel/framework/src/Illuminate/Foundation/Http/Middleware/InvokeDeferredCallbacks.php(22): Illuminate/Pipeline/Pipeline->Illuminate/Pipeline/{closure}(Object(Illuminate/Http/Request))
#51 C:/Users/josec/OneDrive/Escritorio/Aplicacion_web/Genesis_profesional/vendor/laravel/framework/src/Illuminate/Pipeline/Pipeline.php(219): Illuminate/Foundation/Http/Middleware/InvokeDeferredCallbacks->handle(Object(Illuminate/Http/Request), Object(Closure))
#52 C:/Users/josec/OneDrive/Escritorio/Aplicacion_web/Genesis_profesional/vendor/laravel/framework/src/Illuminate/Http/Middleware/ValidatePathEncoding.php(26): Illuminate/Pipeline/Pipeline->Illuminate/Pipeline/{closure}(Object(Illuminate/Http/Request))
#53 C:/Users/josec/OneDrive/Escritorio/Aplicacion_web/Genesis_profesional/vendor/laravel/framework/src/Illuminate/Pipeline/Pipeline.php(219): Illuminate/Http/Middleware/ValidatePathEncoding->handle(Object(Illuminate/Http/Request), Object(Closure))
#54 C:/Users/josec/OneDrive/Escritorio/Aplicacion_web/Genesis_profesional/vendor/laravel/framework/src/Illuminate/Pipeline/Pipeline.php(137): Illuminate/Pipeline/Pipeline->Illuminate/Pipeline/{closure}(Object(Illuminate/Http/Request))
#55 C:/Users/josec/OneDrive/Escritorio/Aplicacion_web/Genesis_profesional/vendor/laravel/framework/src/Illuminate/Foundation/Http/Kernel.php(175): Illuminate/Pipeline/Pipeline->then(Object(Closure))
#56 C:/Users/josec/OneDrive/Escritorio/Aplicacion_web/Genesis_profesional/vendor/laravel/framework/src/Illuminate/Foundation/Http/Kernel.php(144): Illuminate/Foundation/Http/Kernel->sendRequestThroughRouter(Object(Illuminate/Http/Request))
#57 C:/Users/josec/OneDrive/Escritorio/Aplicacion_web/Genesis_profesional/vendor/laravel/framework/src/Illuminate/Foundation/Application.php(1220): Illuminate/Foundation/Http/Kernel->handle(Object(Illuminate/Http/Request))
#58 C:/Users/josec/OneDrive/Escritorio/Aplicacion_web/Genesis_profesional/public/index.php(20): Illuminate/Foundation/Application->handleRequest(Object(Illuminate/Http/Request))
#59 C:/Users/josec/OneDrive/Escritorio/Aplicacion_web/Genesis_profesional/vendor/laravel/framework/src/Illuminate/Foundation/resources/server.php(23): require_once('C://Users//josec//...')
#60 {main}
"} 
[2026-06-18 07:43:34] local.ERROR: SQLSTATE[HY000]: General error: 1 near "ALTER": syntax error (Connection: sqlite, Database: C:\Users\josec\OneDrive\Escritorio\Aplicacion_web\Genesis_profesional\database\database.sqlite, SQL: ALTER TABLE informes ALTER COLUMN horas TYPE DECIMAL(8,2) USING horas::decimal) {"exception":"[object] (Illuminate\\Database\\QueryException(code: HY000): SQLSTATE[HY000]: General error: 1 near \"ALTER\": syntax error (Connection: sqlite, Database: C:\\Users\\josec\\OneDrive\\Escritorio\\Aplicacion_web\\Genesis_profesional\\database\\database.sqlite, SQL: ALTER TABLE informes ALTER COLUMN horas TYPE DECIMAL(8,2) USING horas::decimal) at C:/Users/josec/OneDrive/Escritorio/Aplicacion_web/Genesis_profesional/vendor/laravel/framework/src/Illuminate/Database/Connection.php:838)
[stacktrace]
#0 C:/Users/josec/OneDrive/Escritorio/Aplicacion_web/Genesis_profesional/vendor/laravel/framework/src/Illuminate/Database/Connection.php(794): Illuminate/Database/Connection->runQueryCallback('ALTER TABLE inf...', Array, Object(Closure))
#1 C:/Users/josec/OneDrive/Escritorio/Aplicacion_web/Genesis_profesional/vendor/laravel/framework/src/Illuminate/Database/Connection.php(573): Illuminate/Database/Connection->run('ALTER TABLE inf...', Array, Object(Closure))
#2 C:/Users/josec/OneDrive/Escritorio/Aplicacion_web/Genesis_profesional/vendor/laravel/framework/src/Illuminate/Database/DatabaseManager.php(491): Illuminate/Database/Connection->statement('ALTER TABLE inf...')
#3 C:/Users/josec/OneDrive/Escritorio/Aplicacion_web/Genesis_profesional/vendor/laravel/framework/src/Illuminate/Support/Facades/Facade.php(363): Illuminate/Database/DatabaseManager->__call('statement', Array)
#4 C:/Users/josec/OneDrive/Escritorio/Aplicacion_web/Genesis_profesional/database/migrations/2026_06_04_100000_change_horas_columns_to_decimal.php(17): Illuminate/Support/Facades/Facade::__callStatic('statement', Array)
#5 C:/Users/josec/OneDrive/Escritorio/Aplicacion_web/Genesis_profesional/vendor/laravel/framework/src/Illuminate/Database/Migrations/Migrator.php(517): Illuminate/Database/Migrations/Migration@anonymous->up()
#6 C:/Users/josec/OneDrive/Escritorio/Aplicacion_web/Genesis_profesional/vendor/laravel/framework/src/Illuminate/Database/Migrations/Migrator.php(442): Illuminate/Database/Migrations/Migrator->runMethod(Object(Illuminate/Database/SQLiteConnection), Object(Illuminate/Database/Migrations/Migration@anonymous), 'up')
#7 C:/Users/josec/OneDrive/Escritorio/Aplicacion_web/Genesis_profesional/vendor/laravel/framework/src/Illuminate/Database/Migrations/Migrator.php(451): Illuminate/Database/Migrations/Migrator->Illuminate/Database/Migrations/{closure}()
#8 C:/Users/josec/OneDrive/Escritorio/Aplicacion_web/Genesis_profesional/vendor/laravel/framework/src/Illuminate/Database/Migrations/Migrator.php(253): Illuminate/Database/Migrations/Migrator->runMigration(Object(Illuminate/Database/Migrations/Migration@anonymous), 'up')
#9 C:/Users/josec/OneDrive/Escritorio/Aplicacion_web/Genesis_profesional/vendor/laravel/framework/src/Illuminate/Console/View/Components/Task.php(41): Illuminate/Database/Migrations/Migrator->Illuminate/Database/Migrations/{closure}()
#10 C:/Users/josec/OneDrive/Escritorio/Aplicacion_web/Genesis_profesional/vendor/laravel/framework/src/Illuminate/Database/Migrations/Migrator.php(814): Illuminate/Console/View/Components/Task->render('2026_06_04_1000...', Object(Closure))
#11 C:/Users/josec/OneDrive/Escritorio/Aplicacion_web/Genesis_profesional/vendor/laravel/framework/src/Illuminate/Database/Migrations/Migrator.php(253): Illuminate/Database/Migrations/Migrator->write('Illuminate//Cons...', '2026_06_04_1000...', Object(Closure))
#12 C:/Users/josec/OneDrive/Escritorio/Aplicacion_web/Genesis_profesional/vendor/laravel/framework/src/Illuminate/Database/Migrations/Migrator.php(211): Illuminate/Database/Migrations/Migrator->runUp('C://Users//josec//...', 1, false)
#13 C:/Users/josec/OneDrive/Escritorio/Aplicacion_web/Genesis_profesional/vendor/laravel/framework/src/Illuminate/Database/Migrations/Migrator.php(138): Illuminate/Database/Migrations/Migrator->runPending(Array, Array)
#14 C:/Users/josec/OneDrive/Escritorio/Aplicacion_web/Genesis_profesional/vendor/laravel/framework/src/Illuminate/Database/Console/Migrations/MigrateCommand.php(116): Illuminate/Database/Migrations/Migrator->run(Array, Array)
#15 C:/Users/josec/OneDrive/Escritorio/Aplicacion_web/Genesis_profesional/vendor/laravel/framework/src/Illuminate/Database/Migrations/Migrator.php(671): Illuminate/Database/Console/Migrations/MigrateCommand->Illuminate/Database/Console/Migrations/{closure}()
#16 C:/Users/josec/OneDrive/Escritorio/Aplicacion_web/Genesis_profesional/vendor/laravel/framework/src/Illuminate/Database/Console/Migrations/MigrateCommand.php(109): Illuminate/Database/Migrations/Migrator->usingConnection(NULL, Object(Closure))
#17 C:/Users/josec/OneDrive/Escritorio/Aplicacion_web/Genesis_profesional/vendor/laravel/framework/src/Illuminate/Database/Console/Migrations/MigrateCommand.php(88): Illuminate/Database/Console/Migrations/MigrateCommand->runMigrations()
#18 C:/Users/josec/OneDrive/Escritorio/Aplicacion_web/Genesis_profesional/vendor/laravel/framework/src/Illuminate/Container/BoundMethod.php(36): Illuminate/Database/Console/Migrations/MigrateCommand->handle()
#19 C:/Users/josec/OneDrive/Escritorio/Aplicacion_web/Genesis_profesional/vendor/laravel/framework/src/Illuminate/Container/Util.php(43): Illuminate/Container/BoundMethod::Illuminate/Container/{closure}()
#20 C:/Users/josec/OneDrive/Escritorio/Aplicacion_web/Genesis_profesional/vendor/laravel/framework/src/Illuminate/Container/BoundMethod.php(96): Illuminate/Container/Util::unwrapIfClosure(Object(Closure))
#21 C:/Users/josec/OneDrive/Escritorio/Aplicacion_web/Genesis_profesional/vendor/laravel/framework/src/Illuminate/Container/BoundMethod.php(35): Illuminate/Container/BoundMethod::callBoundMethod(Object(Illuminate/Foundation/Application), Array, Object(Closure))
#22 C:/Users/josec/OneDrive/Escritorio/Aplicacion_web/Genesis_profesional/vendor/laravel/framework/src/Illuminate/Container/Container.php(799): Illuminate/Container/BoundMethod::call(Object(Illuminate/Foundation/Application), Array, Array, NULL)
#23 C:/Users/josec/OneDrive/Escritorio/Aplicacion_web/Genesis_profesional/vendor/laravel/framework/src/Illuminate/Console/Command.php(211): Illuminate/Container/Container->call(Array)
#24 C:/Users/josec/OneDrive/Escritorio/Aplicacion_web/Genesis_profesional/vendor/symfony/console/Command/Command.php(341): Illuminate/Console/Command->execute(Object(Symfony/Component/Console/Input/ArgvInput), Object(Illuminate/Console/OutputStyle))
#25 C:/Users/josec/OneDrive/Escritorio/Aplicacion_web/Genesis_profesional/vendor/laravel/framework/src/Illuminate/Console/Command.php(180): Symfony/Component/Console/Command/Command->run(Object(Symfony/Component/Console/Input/ArgvInput), Object(Illuminate/Console/OutputStyle))
#26 C:/Users/josec/OneDrive/Escritorio/Aplicacion_web/Genesis_profesional/vendor/symfony/console/Application.php(1117): Illuminate/Console/Command->run(Object(Symfony/Component/Console/Input/ArgvInput), Object(Symfony/Component/Console/Output/ConsoleOutput))
#27 C:/Users/josec/OneDrive/Escritorio/Aplicacion_web/Genesis_profesional/vendor/symfony/console/Application.php(356): Symfony/Component/Console/Application->doRunCommand(Object(Illuminate/Database/Console/Migrations/MigrateCommand), Object(Symfony/Component/Console/Input/ArgvInput), Object(Symfony/Component/Console/Output/ConsoleOutput))
#28 C:/Users/josec/OneDrive/Escritorio/Aplicacion_web/Genesis_profesional/vendor/symfony/console/Application.php(195): Symfony/Component/Console/Application->doRun(Object(Symfony/Component/Console/Input/ArgvInput), Object(Symfony/Component/Console/Output/ConsoleOutput))
#29 C:/Users/josec/OneDrive/Escritorio/Aplicacion_web/Genesis_profesional/vendor/laravel/framework/src/Illuminate/Foundation/Console/Kernel.php(198): Symfony/Component/Console/Application->run(Object(Symfony/Component/Console/Input/ArgvInput), Object(Symfony/Component/Console/Output/ConsoleOutput))
#30 C:/Users/josec/OneDrive/Escritorio/Aplicacion_web/Genesis_profesional/vendor/laravel/framework/src/Illuminate/Foundation/Application.php(1235): Illuminate/Foundation/Console/Kernel->handle(Object(Symfony/Component/Console/Input/ArgvInput), Object(Symfony/Component/Console/Output/ConsoleOutput))
#31 C:/Users/josec/OneDrive/Escritorio/Aplicacion_web/Genesis_profesional/artisan(16): Illuminate/Foundation/Application->handleCommand(Object(Symfony/Component/Console/Input/ArgvInput))
#32 {main}

[previous exception] [object] (PDOException(code: HY000): SQLSTATE[HY000]: General error: 1 near \"ALTER\": syntax error at C:/Users/josec/OneDrive/Escritorio/Aplicacion_web/Genesis_profesional/vendor/laravel/framework/src/Illuminate/Database/Connection.php:578)
[stacktrace]
#0 C:/Users/josec/OneDrive/Escritorio/Aplicacion_web/Genesis_profesional/vendor/laravel/framework/src/Illuminate/Database/Connection.php(578): PDO->prepare('ALTER TABLE inf...')
#1 C:/Users/josec/OneDrive/Escritorio/Aplicacion_web/Genesis_profesional/vendor/laravel/framework/src/Illuminate/Database/Connection.php(827): Illuminate/Database/Connection->Illuminate/Database/{closure}('ALTER TABLE inf...', Array)
#2 C:/Users/josec/OneDrive/Escritorio/Aplicacion_web/Genesis_profesional/vendor/laravel/framework/src/Illuminate/Database/Connection.php(794): Illuminate/Database/Connection->runQueryCallback('ALTER TABLE inf...', Array, Object(Closure))
#3 C:/Users/josec/OneDrive/Escritorio/Aplicacion_web/Genesis_profesional/vendor/laravel/framework/src/Illuminate/Database/Connection.php(573): Illuminate/Database/Connection->run('ALTER TABLE inf...', Array, Object(Closure))
#4 C:/Users/josec/OneDrive/Escritorio/Aplicacion_web/Genesis_profesional/vendor/laravel/framework/src/Illuminate/Database/DatabaseManager.php(491): Illuminate/Database/Connection->statement('ALTER TABLE inf...')
#5 C:/Users/josec/OneDrive/Escritorio/Aplicacion_web/Genesis_profesional/vendor/laravel/framework/src/Illuminate/Support/Facades/Facade.php(363): Illuminate/Database/DatabaseManager->__call('statement', Array)
#6 C:/Users/josec/OneDrive/Escritorio/Aplicacion_web/Genesis_profesional/database/migrations/2026_06_04_100000_change_horas_columns_to_decimal.php(17): Illuminate/Support/Facades/Facade::__callStatic('statement', Array)
#7 C:/Users/josec/OneDrive/Escritorio/Aplicacion_web/Genesis_profesional/vendor/laravel/framework/src/Illuminate/Database/Migrations/Migrator.php(517): Illuminate/Database/Migrations/Migration@anonymous->up()
#8 C:/Users/josec/OneDrive/Escritorio/Aplicacion_web/Genesis_profesional/vendor/laravel/framework/src/Illuminate/Database/Migrations/Migrator.php(442): Illuminate/Database/Migrations/Migrator->runMethod(Object(Illuminate/Database/SQLiteConnection), Object(Illuminate/Database/Migrations/Migration@anonymous), 'up')
#9 C:/Users/josec/OneDrive/Escritorio/Aplicacion_web/Genesis_profesional/vendor/laravel/framework/src/Illuminate/Database/Migrations/Migrator.php(451): Illuminate/Database/Migrations/Migrator->Illuminate/Database/Migrations/{closure}()
#10 C:/Users/josec/OneDrive/Escritorio/Aplicacion_web/Genesis_profesional/vendor/laravel/framework/src/Illuminate/Database/Migrations/Migrator.php(253): Illuminate/Database/Migrations/Migrator->runMigration(Object(Illuminate/Database/Migrations/Migration@anonymous), 'up')
#11 C:/Users/josec/OneDrive/Escritorio/Aplicacion_web/Genesis_profesional/vendor/laravel/framework/src/Illuminate/Console/View/Components/Task.php(41): Illuminate/Database/Migrations/Migrator->Illuminate/Database/Migrations/{closure}()
#12 C:/Users/josec/OneDrive/Escritorio/Aplicacion_web/Genesis_profesional/vendor/laravel/framework/src/Illuminate/Database/Migrations/Migrator.php(814): Illuminate/Console/View/Components/Task->render('2026_06_04_1000...', Object(Closure))
#13 C:/Users/josec/OneDrive/Escritorio/Aplicacion_web/Genesis_profesional/vendor/laravel/framework/src/Illuminate/Database/Migrations/Migrator.php(253): Illuminate/Database/Migrations/Migrator->write('Illuminate//Cons...', '2026_06_04_1000...', Object(Closure))
#14 C:/Users/josec/OneDrive/Escritorio/Aplicacion_web/Genesis_profesional/vendor/laravel/framework/src/Illuminate/Database/Migrations/Migrator.php(211): Illuminate/Database/Migrations/Migrator->runUp('C://Users//josec//...', 1, false)
#15 C:/Users/josec/OneDrive/Escritorio/Aplicacion_web/Genesis_profesional/vendor/laravel/framework/src/Illuminate/Database/Migrations/Migrator.php(138): Illuminate/Database/Migrations/Migrator->runPending(Array, Array)
#16 C:/Users/josec/OneDrive/Escritorio/Aplicacion_web/Genesis_profesional/vendor/laravel/framework/src/Illuminate/Database/Console/Migrations/MigrateCommand.php(116): Illuminate/Database/Migrations/Migrator->run(Array, Array)
#17 C:/Users/josec/OneDrive/Escritorio/Aplicacion_web/Genesis_profesional/vendor/laravel/framework/src/Illuminate/Database/Migrations/Migrator.php(671): Illuminate/Database/Console/Migrations/MigrateCommand->Illuminate/Database/Console/Migrations/{closure}()
#18 C:/Users/josec/OneDrive/Escritorio/Aplicacion_web/Genesis_profesional/vendor/laravel/framework/src/Illuminate/Database/Console/Migrations/MigrateCommand.php(109): Illuminate/Database/Migrations/Migrator->usingConnection(NULL, Object(Closure))
#19 C:/Users/josec/OneDrive/Escritorio/Aplicacion_web/Genesis_profesional/vendor/laravel/framework/src/Illuminate/Database/Console/Migrations/MigrateCommand.php(88): Illuminate/Database/Console/Migrations/MigrateCommand->runMigrations()
#20 C:/Users/josec/OneDrive/Escritorio/Aplicacion_web/Genesis_profesional/vendor/laravel/framework/src/Illuminate/Container/BoundMethod.php(36): Illuminate/Database/Console/Migrations/MigrateCommand->handle()
#21 C:/Users/josec/OneDrive/Escritorio/Aplicacion_web/Genesis_profesional/vendor/laravel/framework/src/Illuminate/Container/Util.php(43): Illuminate/Container/BoundMethod::Illuminate/Container/{closure}()
#22 C:/Users/josec/OneDrive/Escritorio/Aplicacion_web/Genesis_profesional/vendor/laravel/framework/src/Illuminate/Container/BoundMethod.php(96): Illuminate/Container/Util::unwrapIfClosure(Object(Closure))
#23 C:/Users/josec/OneDrive/Escritorio/Aplicacion_web/Genesis_profesional/vendor/laravel/framework/src/Illuminate/Container/BoundMethod.php(35): Illuminate/Container/BoundMethod::callBoundMethod(Object(Illuminate/Foundation/Application), Array, Object(Closure))
#24 C:/Users/josec/OneDrive/Escritorio/Aplicacion_web/Genesis_profesional/vendor/laravel/framework/src/Illuminate/Container/Container.php(799): Illuminate/Container/BoundMethod::call(Object(Illuminate/Foundation/Application), Array, Array, NULL)
#25 C:/Users/josec/OneDrive/Escritorio/Aplicacion_web/Genesis_profesional/vendor/laravel/framework/src/Illuminate/Console/Command.php(211): Illuminate/Container/Container->call(Array)
#26 C:/Users/josec/OneDrive/Escritorio/Aplicacion_web/Genesis_profesional/vendor/symfony/console/Command/Command.php(341): Illuminate/Console/Command->execute(Object(Symfony/Component/Console/Input/ArgvInput), Object(Illuminate/Console/OutputStyle))
#27 C:/Users/josec/OneDrive/Escritorio/Aplicacion_web/Genesis_profesional/vendor/laravel/framework/src/Illuminate/Console/Command.php(180): Symfony/Component/Console/Command/Command->run(Object(Symfony/Component/Console/Input/ArgvInput), Object(Illuminate/Console/OutputStyle))
#28 C:/Users/josec/OneDrive/Escritorio/Aplicacion_web/Genesis_profesional/vendor/symfony/console/Application.php(1117): Illuminate/Console/Command->run(Object(Symfony/Component/Console/Input/ArgvInput), Object(Symfony/Component/Console/Output/ConsoleOutput))
#29 C:/Users/josec/OneDrive/Escritorio/Aplicacion_web/Genesis_profesional/vendor/symfony/console/Application.php(356): Symfony/Component/Console/Application->doRunCommand(Object(Illuminate/Database/Console/Migrations/MigrateCommand), Object(Symfony/Component/Console/Input/ArgvInput), Object(Symfony/Component/Console/Output/ConsoleOutput))
#30 C:/Users/josec/OneDrive/Escritorio/Aplicacion_web/Genesis_profesional/vendor/symfony/console/Application.php(195): Symfony/Component/Console/Application->doRun(Object(Symfony/Component/Console/Input/ArgvInput), Object(Symfony/Component/Console/Output/ConsoleOutput))
#31 C:/Users/josec/OneDrive/Escritorio/Aplicacion_web/Genesis_profesional/vendor/laravel/framework/src/Illuminate/Foundation/Console/Kernel.php(198): Symfony/Component/Console/Application->run(Object(Symfony/Component/Console/Input/ArgvInput), Object(Symfony/Component/Console/Output/ConsoleOutput))
#32 C:/Users/josec/OneDrive/Escritorio/Aplicacion_web/Genesis_profesional/vendor/laravel/framework/src/Illuminate/Foundation/Application.php(1235): Illuminate/Foundation/Console/Kernel->handle(Object(Symfony/Component/Console/Input/ArgvInput), Object(Symfony/Component/Console/Output/ConsoleOutput))
#33 C:/Users/josec/OneDrive/Escritorio/Aplicacion_web/Genesis_profesional/artisan(16): Illuminate/Foundation/Application->handleCommand(Object(Symfony/Component/Console/Input/ArgvInput))
#34 {main}
"} 
[2026-06-18 07:50:09] local.ERROR: Class "App\Models\PersonalAdministrativo" not found {"exception":"[object] (Error(code: 0): Class \"App\\Models\\PersonalAdministrativo\" not found at C:/Users/josec/OneDrive/Escritorio/Aplicacion_web/Genesis_profesional/app/Http/Controllers/AuthController.php:51)
[stacktrace]
#0 C:/Users/josec/OneDrive/Escritorio/Aplicacion_web/Genesis_profesional/vendor/laravel/framework/src/Illuminate/Routing/ControllerDispatcher.php(46): App/Http/Controllers/AuthController->login(Object(Illuminate/Http/Request))
#1 C:/Users/josec/OneDrive/Escritorio/Aplicacion_web/Genesis_profesional/vendor/laravel/framework/src/Illuminate/Routing/Route.php(265): Illuminate/Routing/ControllerDispatcher->dispatch(Object(Illuminate/Routing/Route), Object(App/Http/Controllers/AuthController), 'login')
#2 C:/Users/josec/OneDrive/Escritorio/Aplicacion_web/Genesis_profesional/vendor/laravel/framework/src/Illuminate/Routing/Route.php(211): Illuminate/Routing/Route->runController()
#3 C:/Users/josec/OneDrive/Escritorio/Aplicacion_web/Genesis_profesional/vendor/laravel/framework/src/Illuminate/Routing/Router.php(822): Illuminate/Routing/Route->run()
#4 C:/Users/josec/OneDrive/Escritorio/Aplicacion_web/Genesis_profesional/vendor/laravel/framework/src/Illuminate/Pipeline/Pipeline.php(180): Illuminate/Routing/Router->Illuminate/Routing/{closure}(Object(Illuminate/Http/Request))
#5 C:/Users/josec/OneDrive/Escritorio/Aplicacion_web/Genesis_profesional/vendor/laravel/framework/src/Illuminate/Routing/Middleware/SubstituteBindings.php(50): Illuminate/Pipeline/Pipeline->Illuminate/Pipeline/{closure}(Object(Illuminate/Http/Request))
#6 C:/Users/josec/OneDrive/Escritorio/Aplicacion_web/Genesis_profesional/vendor/laravel/framework/src/Illuminate/Pipeline/Pipeline.php(219): Illuminate/Routing/Middleware/SubstituteBindings->handle(Object(Illuminate/Http/Request), Object(Closure))
#7 C:/Users/josec/OneDrive/Escritorio/Aplicacion_web/Genesis_profesional/vendor/laravel/framework/src/Illuminate/Foundation/Http/Middleware/VerifyCsrfToken.php(87): Illuminate/Pipeline/Pipeline->Illuminate/Pipeline/{closure}(Object(Illuminate/Http/Request))
#8 C:/Users/josec/OneDrive/Escritorio/Aplicacion_web/Genesis_profesional/vendor/laravel/framework/src/Illuminate/Pipeline/Pipeline.php(219): Illuminate/Foundation/Http/Middleware/VerifyCsrfToken->handle(Object(Illuminate/Http/Request), Object(Closure))
#9 C:/Users/josec/OneDrive/Escritorio/Aplicacion_web/Genesis_profesional/vendor/laravel/framework/src/Illuminate/View/Middleware/ShareErrorsFromSession.php(48): Illuminate/Pipeline/Pipeline->Illuminate/Pipeline/{closure}(Object(Illuminate/Http/Request))
#10 C:/Users/josec/OneDrive/Escritorio/Aplicacion_web/Genesis_profesional/vendor/laravel/framework/src/Illuminate/Pipeline/Pipeline.php(219): Illuminate/View/Middleware/ShareErrorsFromSession->handle(Object(Illuminate/Http/Request), Object(Closure))
#11 C:/Users/josec/OneDrive/Escritorio/Aplicacion_web/Genesis_profesional/vendor/laravel/framework/src/Illuminate/Session/Middleware/StartSession.php(120): Illuminate/Pipeline/Pipeline->Illuminate/Pipeline/{closure}(Object(Illuminate/Http/Request))
#12 C:/Users/josec/OneDrive/Escritorio/Aplicacion_web/Genesis_profesional/vendor/laravel/framework/src/Illuminate/Session/Middleware/StartSession.php(63): Illuminate/Session/Middleware/StartSession->handleStatefulRequest(Object(Illuminate/Http/Request), Object(Illuminate/Session/Store), Object(Closure))
#13 C:/Users/josec/OneDrive/Escritorio/Aplicacion_web/Genesis_profesional/vendor/laravel/framework/src/Illuminate/Pipeline/Pipeline.php(219): Illuminate/Session/Middleware/StartSession->handle(Object(Illuminate/Http/Request), Object(Closure))
#14 C:/Users/josec/OneDrive/Escritorio/Aplicacion_web/Genesis_profesional/vendor/laravel/framework/src/Illuminate/Cookie/Middleware/AddQueuedCookiesToResponse.php(36): Illuminate/Pipeline/Pipeline->Illuminate/Pipeline/{closure}(Object(Illuminate/Http/Request))
#15 C:/Users/josec/OneDrive/Escritorio/Aplicacion_web/Genesis_profesional/vendor/laravel/framework/src/Illuminate/Pipeline/Pipeline.php(219): Illuminate/Cookie/Middleware/AddQueuedCookiesToResponse->handle(Object(Illuminate/Http/Request), Object(Closure))
#16 C:/Users/josec/OneDrive/Escritorio/Aplicacion_web/Genesis_profesional/vendor/laravel/framework/src/Illuminate/Cookie/Middleware/EncryptCookies.php(74): Illuminate/Pipeline/Pipeline->Illuminate/Pipeline/{closure}(Object(Illuminate/Http/Request))
#17 C:/Users/josec/OneDrive/Escritorio/Aplicacion_web/Genesis_profesional/vendor/laravel/framework/src/Illuminate/Pipeline/Pipeline.php(219): Illuminate/Cookie/Middleware/EncryptCookies->handle(Object(Illuminate/Http/Request), Object(Closure))
#18 C:/Users/josec/OneDrive/Escritorio/Aplicacion_web/Genesis_profesional/vendor/laravel/framework/src/Illuminate/Pipeline/Pipeline.php(137): Illuminate/Pipeline/Pipeline->Illuminate/Pipeline/{closure}(Object(Illuminate/Http/Request))
#19 C:/Users/josec/OneDrive/Escritorio/Aplicacion_web/Genesis_profesional/vendor/laravel/framework/src/Illuminate/Routing/Router.php(821): Illuminate/Pipeline/Pipeline->then(Object(Closure))
#20 C:/Users/josec/OneDrive/Escritorio/Aplicacion_web/Genesis_profesional/vendor/laravel/framework/src/Illuminate/Routing/Router.php(800): Illuminate/Routing/Router->runRouteWithinStack(Object(Illuminate/Routing/Route), Object(Illuminate/Http/Request))
#21 C:/Users/josec/OneDrive/Escritorio/Aplicacion_web/Genesis_profesional/vendor/laravel/framework/src/Illuminate/Routing/Router.php(764): Illuminate/Routing/Router->runRoute(Object(Illuminate/Http/Request), Object(Illuminate/Routing/Route))
#22 C:/Users/josec/OneDrive/Escritorio/Aplicacion_web/Genesis_profesional/vendor/laravel/framework/src/Illuminate/Routing/Router.php(753): Illuminate/Routing/Router->dispatchToRoute(Object(Illuminate/Http/Request))
#23 C:/Users/josec/OneDrive/Escritorio/Aplicacion_web/Genesis_profesional/vendor/laravel/framework/src/Illuminate/Foundation/Http/Kernel.php(200): Illuminate/Routing/Router->dispatch(Object(Illuminate/Http/Request))
#24 C:/Users/josec/OneDrive/Escritorio/Aplicacion_web/Genesis_profesional/vendor/laravel/framework/src/Illuminate/Pipeline/Pipeline.php(180): Illuminate/Foundation/Http/Kernel->Illuminate/Foundation/Http/{closure}(Object(Illuminate/Http/Request))
#25 C:/Users/josec/OneDrive/Escritorio/Aplicacion_web/Genesis_profesional/vendor/laravel/framework/src/Illuminate/Foundation/Http/Middleware/TransformsRequest.php(21): Illuminate/Pipeline/Pipeline->Illuminate/Pipeline/{closure}(Object(Illuminate/Http/Request))
#26 C:/Users/josec/OneDrive/Escritorio/Aplicacion_web/Genesis_profesional/vendor/laravel/framework/src/Illuminate/Foundation/Http/Middleware/ConvertEmptyStringsToNull.php(31): Illuminate/Foundation/Http/Middleware/TransformsRequest->handle(Object(Illuminate/Http/Request), Object(Closure))
#27 C:/Users/josec/OneDrive/Escritorio/Aplicacion_web/Genesis_profesional/vendor/laravel/framework/src/Illuminate/Pipeline/Pipeline.php(219): Illuminate/Foundation/Http/Middleware/ConvertEmptyStringsToNull->handle(Object(Illuminate/Http/Request), Object(Closure))
#28 C:/Users/josec/OneDrive/Escritorio/Aplicacion_web/Genesis_profesional/vendor/laravel/framework/src/Illuminate/Foundation/Http/Middleware/TransformsRequest.php(21): Illuminate/Pipeline/Pipeline->Illuminate/Pipeline/{closure}(Object(Illuminate/Http/Request))
#29 C:/Users/josec/OneDrive/Escritorio/Aplicacion_web/Genesis_profesional/vendor/laravel/framework/src/Illuminate/Foundation/Http/Middleware/TrimStrings.php(51): Illuminate/Foundation/Http/Middleware/TransformsRequest->handle(Object(Illuminate/Http/Request), Object(Closure))
#30 C:/Users/josec/OneDrive/Escritorio/Aplicacion_web/Genesis_profesional/vendor/laravel/framework/src/Illuminate/Pipeline/Pipeline.php(219): Illuminate/Foundation/Http/Middleware/TrimStrings->handle(Object(Illuminate/Http/Request), Object(Closure))
#31 C:/Users/josec/OneDrive/Escritorio/Aplicacion_web/Genesis_profesional/vendor/laravel/framework/src/Illuminate/Http/Middleware/ValidatePostSize.php(27): Illuminate/Pipeline/Pipeline->Illuminate/Pipeline/{closure}(Object(Illuminate/Http/Request))
#32 C:/Users/josec/OneDrive/Escritorio/Aplicacion_web/Genesis_profesional/vendor/laravel/framework/src/Illuminate/Pipeline/Pipeline.php(219): Illuminate/Http/Middleware/ValidatePostSize->handle(Object(Illuminate/Http/Request), Object(Closure))
#33 C:/Users/josec/OneDrive/Escritorio/Aplicacion_web/Genesis_profesional/vendor/laravel/framework/src/Illuminate/Foundation/Http/Middleware/PreventRequestsDuringMaintenance.php(109): Illuminate/Pipeline/Pipeline->Illuminate/Pipeline/{closure}(Object(Illuminate/Http/Request))
#34 C:/Users/josec/OneDrive/Escritorio/Aplicacion_web/Genesis_profesional/vendor/laravel/framework/src/Illuminate/Pipeline/Pipeline.php(219): Illuminate/Foundation/Http/Middleware/PreventRequestsDuringMaintenance->handle(Object(Illuminate/Http/Request), Object(Closure))
#35 C:/Users/josec/OneDrive/Escritorio/Aplicacion_web/Genesis_profesional/vendor/laravel/framework/src/Illuminate/Http/Middleware/HandleCors.php(74): Illuminate/Pipeline/Pipeline->Illuminate/Pipeline/{closure}(Object(Illuminate/Http/Request))
#36 C:/Users/josec/OneDrive/Escritorio/Aplicacion_web/Genesis_profesional/vendor/laravel/framework/src/Illuminate/Pipeline/Pipeline.php(219): Illuminate/Http/Middleware/HandleCors->handle(Object(Illuminate/Http/Request), Object(Closure))
#37 C:/Users/josec/OneDrive/Escritorio/Aplicacion_web/Genesis_profesional/vendor/laravel/framework/src/Illuminate/Http/Middleware/TrustProxies.php(58): Illuminate/Pipeline/Pipeline->Illuminate/Pipeline/{closure}(Object(Illuminate/Http/Request))
#38 C:/Users/josec/OneDrive/Escritorio/Aplicacion_web/Genesis_profesional/vendor/laravel/framework/src/Illuminate/Pipeline/Pipeline.php(219): Illuminate/Http/Middleware/TrustProxies->handle(Object(Illuminate/Http/Request), Object(Closure))
#39 C:/Users/josec/OneDrive/Escritorio/Aplicacion_web/Genesis_profesional/vendor/laravel/framework/src/Illuminate/Foundation/Http/Middleware/InvokeDeferredCallbacks.php(22): Illuminate/Pipeline/Pipeline->Illuminate/Pipeline/{closure}(Object(Illuminate/Http/Request))
#40 C:/Users/josec/OneDrive/Escritorio/Aplicacion_web/Genesis_profesional/vendor/laravel/framework/src/Illuminate/Pipeline/Pipeline.php(219): Illuminate/Foundation/Http/Middleware/InvokeDeferredCallbacks->handle(Object(Illuminate/Http/Request), Object(Closure))
#41 C:/Users/josec/OneDrive/Escritorio/Aplicacion_web/Genesis_profesional/vendor/laravel/framework/src/Illuminate/Http/Middleware/ValidatePathEncoding.php(26): Illuminate/Pipeline/Pipeline->Illuminate/Pipeline/{closure}(Object(Illuminate/Http/Request))
#42 C:/Users/josec/OneDrive/Escritorio/Aplicacion_web/Genesis_profesional/vendor/laravel/framework/src/Illuminate/Pipeline/Pipeline.php(219): Illuminate/Http/Middleware/ValidatePathEncoding->handle(Object(Illuminate/Http/Request), Object(Closure))
#43 C:/Users/josec/OneDrive/Escritorio/Aplicacion_web/Genesis_profesional/vendor/laravel/framework/src/Illuminate/Pipeline/Pipeline.php(137): Illuminate/Pipeline/Pipeline->Illuminate/Pipeline/{closure}(Object(Illuminate/Http/Request))
#44 C:/Users/josec/OneDrive/Escritorio/Aplicacion_web/Genesis_profesional/vendor/laravel/framework/src/Illuminate/Foundation/Http/Kernel.php(175): Illuminate/Pipeline/Pipeline->then(Object(Closure))
#45 C:/Users/josec/OneDrive/Escritorio/Aplicacion_web/Genesis_profesional/vendor/laravel/framework/src/Illuminate/Foundation/Http/Kernel.php(144): Illuminate/Foundation/Http/Kernel->sendRequestThroughRouter(Object(Illuminate/Http/Request))
#46 C:/Users/josec/OneDrive/Escritorio/Aplicacion_web/Genesis_profesional/vendor/laravel/framework/src/Illuminate/Foundation/Application.php(1220): Illuminate/Foundation/Http/Kernel->handle(Object(Illuminate/Http/Request))
#47 C:/Users/josec/OneDrive/Escritorio/Aplicacion_web/Genesis_profesional/public/index.php(20): Illuminate/Foundation/Application->handleRequest(Object(Illuminate/Http/Request))
#48 C:/Users/josec/OneDrive/Escritorio/Aplicacion_web/Genesis_profesional/vendor/laravel/framework/src/Illuminate/Foundation/resources/server.php(23): require_once('C://Users//josec//...')
#49 {main}
"} 
[2026-06-18 07:50:18] local.ERROR: Class "App\Models\PersonalAdministrativo" not found {"exception":"[object] (Error(code: 0): Class \"App\\Models\\PersonalAdministrativo\" not found at C:/Users/josec/OneDrive/Escritorio/Aplicacion_web/Genesis_profesional/app/Http/Controllers/AuthController.php:51)
[stacktrace]
#0 C:/Users/josec/OneDrive/Escritorio/Aplicacion_web/Genesis_profesional/vendor/laravel/framework/src/Illuminate/Routing/ControllerDispatcher.php(46): App/Http/Controllers/AuthController->login(Object(Illuminate/Http/Request))
#1 C:/Users/josec/OneDrive/Escritorio/Aplicacion_web/Genesis_profesional/vendor/laravel/framework/src/Illuminate/Routing/Route.php(265): Illuminate/Routing/ControllerDispatcher->dispatch(Object(Illuminate/Routing/Route), Object(App/Http/Controllers/AuthController), 'login')
#2 C:/Users/josec/OneDrive/Escritorio/Aplicacion_web/Genesis_profesional/vendor/laravel/framework/src/Illuminate/Routing/Route.php(211): Illuminate/Routing/Route->runController()
#3 C:/Users/josec/OneDrive/Escritorio/Aplicacion_web/Genesis_profesional/vendor/laravel/framework/src/Illuminate/Routing/Router.php(822): Illuminate/Routing/Route->run()
#4 C:/Users/josec/OneDrive/Escritorio/Aplicacion_web/Genesis_profesional/vendor/laravel/framework/src/Illuminate/Pipeline/Pipeline.php(180): Illuminate/Routing/Router->Illuminate/Routing/{closure}(Object(Illuminate/Http/Request))
#5 C:/Users/josec/OneDrive/Escritorio/Aplicacion_web/Genesis_profesional/vendor/laravel/framework/src/Illuminate/Routing/Middleware/SubstituteBindings.php(50): Illuminate/Pipeline/Pipeline->Illuminate/Pipeline/{closure}(Object(Illuminate/Http/Request))
#6 C:/Users/josec/OneDrive/Escritorio/Aplicacion_web/Genesis_profesional/vendor/laravel/framework/src/Illuminate/Pipeline/Pipeline.php(219): Illuminate/Routing/Middleware/SubstituteBindings->handle(Object(Illuminate/Http/Request), Object(Closure))
#7 C:/Users/josec/OneDrive/Escritorio/Aplicacion_web/Genesis_profesional/vendor/laravel/framework/src/Illuminate/Foundation/Http/Middleware/VerifyCsrfToken.php(87): Illuminate/Pipeline/Pipeline->Illuminate/Pipeline/{closure}(Object(Illuminate/Http/Request))
#8 C:/Users/josec/OneDrive/Escritorio/Aplicacion_web/Genesis_profesional/vendor/laravel/framework/src/Illuminate/Pipeline/Pipeline.php(219): Illuminate/Foundation/Http/Middleware/VerifyCsrfToken->handle(Object(Illuminate/Http/Request), Object(Closure))
#9 C:/Users/josec/OneDrive/Escritorio/Aplicacion_web/Genesis_profesional/vendor/laravel/framework/src/Illuminate/View/Middleware/ShareErrorsFromSession.php(48): Illuminate/Pipeline/Pipeline->Illuminate/Pipeline/{closure}(Object(Illuminate/Http/Request))
#10 C:/Users/josec/OneDrive/Escritorio/Aplicacion_web/Genesis_profesional/vendor/laravel/framework/src/Illuminate/Pipeline/Pipeline.php(219): Illuminate/View/Middleware/ShareErrorsFromSession->handle(Object(Illuminate/Http/Request), Object(Closure))
#11 C:/Users/josec/OneDrive/Escritorio/Aplicacion_web/Genesis_profesional/vendor/laravel/framework/src/Illuminate/Session/Middleware/StartSession.php(120): Illuminate/Pipeline/Pipeline->Illuminate/Pipeline/{closure}(Object(Illuminate/Http/Request))
#12 C:/Users/josec/OneDrive/Escritorio/Aplicacion_web/Genesis_profesional/vendor/laravel/framework/src/Illuminate/Session/Middleware/StartSession.php(63): Illuminate/Session/Middleware/StartSession->handleStatefulRequest(Object(Illuminate/Http/Request), Object(Illuminate/Session/Store), Object(Closure))
#13 C:/Users/josec/OneDrive/Escritorio/Aplicacion_web/Genesis_profesional/vendor/laravel/framework/src/Illuminate/Pipeline/Pipeline.php(219): Illuminate/Session/Middleware/StartSession->handle(Object(Illuminate/Http/Request), Object(Closure))
#14 C:/Users/josec/OneDrive/Escritorio/Aplicacion_web/Genesis_profesional/vendor/laravel/framework/src/Illuminate/Cookie/Middleware/AddQueuedCookiesToResponse.php(36): Illuminate/Pipeline/Pipeline->Illuminate/Pipeline/{closure}(Object(Illuminate/Http/Request))
#15 C:/Users/josec/OneDrive/Escritorio/Aplicacion_web/Genesis_profesional/vendor/laravel/framework/src/Illuminate/Pipeline/Pipeline.php(219): Illuminate/Cookie/Middleware/AddQueuedCookiesToResponse->handle(Object(Illuminate/Http/Request), Object(Closure))
#16 C:/Users/josec/OneDrive/Escritorio/Aplicacion_web/Genesis_profesional/vendor/laravel/framework/src/Illuminate/Cookie/Middleware/EncryptCookies.php(74): Illuminate/Pipeline/Pipeline->Illuminate/Pipeline/{closure}(Object(Illuminate/Http/Request))
#17 C:/Users/josec/OneDrive/Escritorio/Aplicacion_web/Genesis_profesional/vendor/laravel/framework/src/Illuminate/Pipeline/Pipeline.php(219): Illuminate/Cookie/Middleware/EncryptCookies->handle(Object(Illuminate/Http/Request), Object(Closure))
#18 C:/Users/josec/OneDrive/Escritorio/Aplicacion_web/Genesis_profesional/vendor/laravel/framework/src/Illuminate/Pipeline/Pipeline.php(137): Illuminate/Pipeline/Pipeline->Illuminate/Pipeline/{closure}(Object(Illuminate/Http/Request))
#19 C:/Users/josec/OneDrive/Escritorio/Aplicacion_web/Genesis_profesional/vendor/laravel/framework/src/Illuminate/Routing/Router.php(821): Illuminate/Pipeline/Pipeline->then(Object(Closure))
#20 C:/Users/josec/OneDrive/Escritorio/Aplicacion_web/Genesis_profesional/vendor/laravel/framework/src/Illuminate/Routing/Router.php(800): Illuminate/Routing/Router->runRouteWithinStack(Object(Illuminate/Routing/Route), Object(Illuminate/Http/Request))
#21 C:/Users/josec/OneDrive/Escritorio/Aplicacion_web/Genesis_profesional/vendor/laravel/framework/src/Illuminate/Routing/Router.php(764): Illuminate/Routing/Router->runRoute(Object(Illuminate/Http/Request), Object(Illuminate/Routing/Route))
#22 C:/Users/josec/OneDrive/Escritorio/Aplicacion_web/Genesis_profesional/vendor/laravel/framework/src/Illuminate/Routing/Router.php(753): Illuminate/Routing/Router->dispatchToRoute(Object(Illuminate/Http/Request))
#23 C:/Users/josec/OneDrive/Escritorio/Aplicacion_web/Genesis_profesional/vendor/laravel/framework/src/Illuminate/Foundation/Http/Kernel.php(200): Illuminate/Routing/Router->dispatch(Object(Illuminate/Http/Request))
#24 C:/Users/josec/OneDrive/Escritorio/Aplicacion_web/Genesis_profesional/vendor/laravel/framework/src/Illuminate/Pipeline/Pipeline.php(180): Illuminate/Foundation/Http/Kernel->Illuminate/Foundation/Http/{closure}(Object(Illuminate/Http/Request))
#25 C:/Users/josec/OneDrive/Escritorio/Aplicacion_web/Genesis_profesional/vendor/laravel/framework/src/Illuminate/Foundation/Http/Middleware/TransformsRequest.php(21): Illuminate/Pipeline/Pipeline->Illuminate/Pipeline/{closure}(Object(Illuminate/Http/Request))
#26 C:/Users/josec/OneDrive/Escritorio/Aplicacion_web/Genesis_profesional/vendor/laravel/framework/src/Illuminate/Foundation/Http/Middleware/ConvertEmptyStringsToNull.php(31): Illuminate/Foundation/Http/Middleware/TransformsRequest->handle(Object(Illuminate/Http/Request), Object(Closure))
#27 C:/Users/josec/OneDrive/Escritorio/Aplicacion_web/Genesis_profesional/vendor/laravel/framework/src/Illuminate/Pipeline/Pipeline.php(219): Illuminate/Foundation/Http/Middleware/ConvertEmptyStringsToNull->handle(Object(Illuminate/Http/Request), Object(Closure))
#28 C:/Users/josec/OneDrive/Escritorio/Aplicacion_web/Genesis_profesional/vendor/laravel/framework/src/Illuminate/Foundation/Http/Middleware/TransformsRequest.php(21): Illuminate/Pipeline/Pipeline->Illuminate/Pipeline/{closure}(Object(Illuminate/Http/Request))
#29 C:/Users/josec/OneDrive/Escritorio/Aplicacion_web/Genesis_profesional/vendor/laravel/framework/src/Illuminate/Foundation/Http/Middleware/TrimStrings.php(51): Illuminate/Foundation/Http/Middleware/TransformsRequest->handle(Object(Illuminate/Http/Request), Object(Closure))
#30 C:/Users/josec/OneDrive/Escritorio/Aplicacion_web/Genesis_profesional/vendor/laravel/framework/src/Illuminate/Pipeline/Pipeline.php(219): Illuminate/Foundation/Http/Middleware/TrimStrings->handle(Object(Illuminate/Http/Request), Object(Closure))
#31 C:/Users/josec/OneDrive/Escritorio/Aplicacion_web/Genesis_profesional/vendor/laravel/framework/src/Illuminate/Http/Middleware/ValidatePostSize.php(27): Illuminate/Pipeline/Pipeline->Illuminate/Pipeline/{closure}(Object(Illuminate/Http/Request))
#32 C:/Users/josec/OneDrive/Escritorio/Aplicacion_web/Genesis_profesional/vendor/laravel/framework/src/Illuminate/Pipeline/Pipeline.php(219): Illuminate/Http/Middleware/ValidatePostSize->handle(Object(Illuminate/Http/Request), Object(Closure))
#33 C:/Users/josec/OneDrive/Escritorio/Aplicacion_web/Genesis_profesional/vendor/laravel/framework/src/Illuminate/Foundation/Http/Middleware/PreventRequestsDuringMaintenance.php(109): Illuminate/Pipeline/Pipeline->Illuminate/Pipeline/{closure}(Object(Illuminate/Http/Request))
#34 C:/Users/josec/OneDrive/Escritorio/Aplicacion_web/Genesis_profesional/vendor/laravel/framework/src/Illuminate/Pipeline/Pipeline.php(219): Illuminate/Foundation/Http/Middleware/PreventRequestsDuringMaintenance->handle(Object(Illuminate/Http/Request), Object(Closure))
#35 C:/Users/josec/OneDrive/Escritorio/Aplicacion_web/Genesis_profesional/vendor/laravel/framework/src/Illuminate/Http/Middleware/HandleCors.php(74): Illuminate/Pipeline/Pipeline->Illuminate/Pipeline/{closure}(Object(Illuminate/Http/Request))
#36 C:/Users/josec/OneDrive/Escritorio/Aplicacion_web/Genesis_profesional/vendor/laravel/framework/src/Illuminate/Pipeline/Pipeline.php(219): Illuminate/Http/Middleware/HandleCors->handle(Object(Illuminate/Http/Request), Object(Closure))
#37 C:/Users/josec/OneDrive/Escritorio/Aplicacion_web/Genesis_profesional/vendor/laravel/framework/src/Illuminate/Http/Middleware/TrustProxies.php(58): Illuminate/Pipeline/Pipeline->Illuminate/Pipeline/{closure}(Object(Illuminate/Http/Request))
#38 C:/Users/josec/OneDrive/Escritorio/Aplicacion_web/Genesis_profesional/vendor/laravel/framework/src/Illuminate/Pipeline/Pipeline.php(219): Illuminate/Http/Middleware/TrustProxies->handle(Object(Illuminate/Http/Request), Object(Closure))
#39 C:/Users/josec/OneDrive/Escritorio/Aplicacion_web/Genesis_profesional/vendor/laravel/framework/src/Illuminate/Foundation/Http/Middleware/InvokeDeferredCallbacks.php(22): Illuminate/Pipeline/Pipeline->Illuminate/Pipeline/{closure}(Object(Illuminate/Http/Request))
#40 C:/Users/josec/OneDrive/Escritorio/Aplicacion_web/Genesis_profesional/vendor/laravel/framework/src/Illuminate/Pipeline/Pipeline.php(219): Illuminate/Foundation/Http/Middleware/InvokeDeferredCallbacks->handle(Object(Illuminate/Http/Request), Object(Closure))
#41 C:/Users/josec/OneDrive/Escritorio/Aplicacion_web/Genesis_profesional/vendor/laravel/framework/src/Illuminate/Http/Middleware/ValidatePathEncoding.php(26): Illuminate/Pipeline/Pipeline->Illuminate/Pipeline/{closure}(Object(Illuminate/Http/Request))
#42 C:/Users/josec/OneDrive/Escritorio/Aplicacion_web/Genesis_profesional/vendor/laravel/framework/src/Illuminate/Pipeline/Pipeline.php(219): Illuminate/Http/Middleware/ValidatePathEncoding->handle(Object(Illuminate/Http/Request), Object(Closure))
#43 C:/Users/josec/OneDrive/Escritorio/Aplicacion_web/Genesis_profesional/vendor/laravel/framework/src/Illuminate/Pipeline/Pipeline.php(137): Illuminate/Pipeline/Pipeline->Illuminate/Pipeline/{closure}(Object(Illuminate/Http/Request))
#44 C:/Users/josec/OneDrive/Escritorio/Aplicacion_web/Genesis_profesional/vendor/laravel/framework/src/Illuminate/Foundation/Http/Kernel.php(175): Illuminate/Pipeline/Pipeline->then(Object(Closure))
#45 C:/Users/josec/OneDrive/Escritorio/Aplicacion_web/Genesis_profesional/vendor/laravel/framework/src/Illuminate/Foundation/Http/Kernel.php(144): Illuminate/Foundation/Http/Kernel->sendRequestThroughRouter(Object(Illuminate/Http/Request))
#46 C:/Users/josec/OneDrive/Escritorio/Aplicacion_web/Genesis_profesional/vendor/laravel/framework/src/Illuminate/Foundation/Application.php(1220): Illuminate/Foundation/Http/Kernel->handle(Object(Illuminate/Http/Request))
#47 C:/Users/josec/OneDrive/Escritorio/Aplicacion_web/Genesis_profesional/public/index.php(20): Illuminate/Foundation/Application->handleRequest(Object(Illuminate/Http/Request))
#48 C:/Users/josec/OneDrive/Escritorio/Aplicacion_web/Genesis_profesional/vendor/laravel/framework/src/Illuminate/Foundation/resources/server.php(23): require_once('C://Users//josec//...')
#49 {main}
"} 
[2026-06-18 07:50:25] local.ERROR: Class "App\Models\PersonalAdministrativo" not found {"exception":"[object] (Error(code: 0): Class \"App\\Models\\PersonalAdministrativo\" not found at C:/Users/josec/OneDrive/Escritorio/Aplicacion_web/Genesis_profesional/app/Http/Controllers/AuthController.php:51)
[stacktrace]
#0 C:/Users/josec/OneDrive/Escritorio/Aplicacion_web/Genesis_profesional/vendor/laravel/framework/src/Illuminate/Routing/ControllerDispatcher.php(46): App/Http/Controllers/AuthController->login(Object(Illuminate/Http/Request))
#1 C:/Users/josec/OneDrive/Escritorio/Aplicacion_web/Genesis_profesional/vendor/laravel/framework/src/Illuminate/Routing/Route.php(265): Illuminate/Routing/ControllerDispatcher->dispatch(Object(Illuminate/Routing/Route), Object(App/Http/Controllers/AuthController), 'login')
#2 C:/Users/josec/OneDrive/Escritorio/Aplicacion_web/Genesis_profesional/vendor/laravel/framework/src/Illuminate/Routing/Route.php(211): Illuminate/Routing/Route->runController()
#3 C:/Users/josec/OneDrive/Escritorio/Aplicacion_web/Genesis_profesional/vendor/laravel/framework/src/Illuminate/Routing/Router.php(822): Illuminate/Routing/Route->run()
#4 C:/Users/josec/OneDrive/Escritorio/Aplicacion_web/Genesis_profesional/vendor/laravel/framework/src/Illuminate/Pipeline/Pipeline.php(180): Illuminate/Routing/Router->Illuminate/Routing/{closure}(Object(Illuminate/Http/Request))
#5 C:/Users/josec/OneDrive/Escritorio/Aplicacion_web/Genesis_profesional/vendor/laravel/framework/src/Illuminate/Routing/Middleware/SubstituteBindings.php(50): Illuminate/Pipeline/Pipeline->Illuminate/Pipeline/{closure}(Object(Illuminate/Http/Request))
#6 C:/Users/josec/OneDrive/Escritorio/Aplicacion_web/Genesis_profesional/vendor/laravel/framework/src/Illuminate/Pipeline/Pipeline.php(219): Illuminate/Routing/Middleware/SubstituteBindings->handle(Object(Illuminate/Http/Request), Object(Closure))
#7 C:/Users/josec/OneDrive/Escritorio/Aplicacion_web/Genesis_profesional/vendor/laravel/framework/src/Illuminate/Foundation/Http/Middleware/VerifyCsrfToken.php(87): Illuminate/Pipeline/Pipeline->Illuminate/Pipeline/{closure}(Object(Illuminate/Http/Request))
#8 C:/Users/josec/OneDrive/Escritorio/Aplicacion_web/Genesis_profesional/vendor/laravel/framework/src/Illuminate/Pipeline/Pipeline.php(219): Illuminate/Foundation/Http/Middleware/VerifyCsrfToken->handle(Object(Illuminate/Http/Request), Object(Closure))
#9 C:/Users/josec/OneDrive/Escritorio/Aplicacion_web/Genesis_profesional/vendor/laravel/framework/src/Illuminate/View/Middleware/ShareErrorsFromSession.php(48): Illuminate/Pipeline/Pipeline->Illuminate/Pipeline/{closure}(Object(Illuminate/Http/Request))
#10 C:/Users/josec/OneDrive/Escritorio/Aplicacion_web/Genesis_profesional/vendor/laravel/framework/src/Illuminate/Pipeline/Pipeline.php(219): Illuminate/View/Middleware/ShareErrorsFromSession->handle(Object(Illuminate/Http/Request), Object(Closure))
#11 C:/Users/josec/OneDrive/Escritorio/Aplicacion_web/Genesis_profesional/vendor/laravel/framework/src/Illuminate/Session/Middleware/StartSession.php(120): Illuminate/Pipeline/Pipeline->Illuminate/Pipeline/{closure}(Object(Illuminate/Http/Request))
#12 C:/Users/josec/OneDrive/Escritorio/Aplicacion_web/Genesis_profesional/vendor/laravel/framework/src/Illuminate/Session/Middleware/StartSession.php(63): Illuminate/Session/Middleware/StartSession->handleStatefulRequest(Object(Illuminate/Http/Request), Object(Illuminate/Session/Store), Object(Closure))
#13 C:/Users/josec/OneDrive/Escritorio/Aplicacion_web/Genesis_profesional/vendor/laravel/framework/src/Illuminate/Pipeline/Pipeline.php(219): Illuminate/Session/Middleware/StartSession->handle(Object(Illuminate/Http/Request), Object(Closure))
#14 C:/Users/josec/OneDrive/Escritorio/Aplicacion_web/Genesis_profesional/vendor/laravel/framework/src/Illuminate/Cookie/Middleware/AddQueuedCookiesToResponse.php(36): Illuminate/Pipeline/Pipeline->Illuminate/Pipeline/{closure}(Object(Illuminate/Http/Request))
#15 C:/Users/josec/OneDrive/Escritorio/Aplicacion_web/Genesis_profesional/vendor/laravel/framework/src/Illuminate/Pipeline/Pipeline.php(219): Illuminate/Cookie/Middleware/AddQueuedCookiesToResponse->handle(Object(Illuminate/Http/Request), Object(Closure))
#16 C:/Users/josec/OneDrive/Escritorio/Aplicacion_web/Genesis_profesional/vendor/laravel/framework/src/Illuminate/Cookie/Middleware/EncryptCookies.php(74): Illuminate/Pipeline/Pipeline->Illuminate/Pipeline/{closure}(Object(Illuminate/Http/Request))
#17 C:/Users/josec/OneDrive/Escritorio/Aplicacion_web/Genesis_profesional/vendor/laravel/framework/src/Illuminate/Pipeline/Pipeline.php(219): Illuminate/Cookie/Middleware/EncryptCookies->handle(Object(Illuminate/Http/Request), Object(Closure))
#18 C:/Users/josec/OneDrive/Escritorio/Aplicacion_web/Genesis_profesional/vendor/laravel/framework/src/Illuminate/Pipeline/Pipeline.php(137): Illuminate/Pipeline/Pipeline->Illuminate/Pipeline/{closure}(Object(Illuminate/Http/Request))
#19 C:/Users/josec/OneDrive/Escritorio/Aplicacion_web/Genesis_profesional/vendor/laravel/framework/src/Illuminate/Routing/Router.php(821): Illuminate/Pipeline/Pipeline->then(Object(Closure))
#20 C:/Users/josec/OneDrive/Escritorio/Aplicacion_web/Genesis_profesional/vendor/laravel/framework/src/Illuminate/Routing/Router.php(800): Illuminate/Routing/Router->runRouteWithinStack(Object(Illuminate/Routing/Route), Object(Illuminate/Http/Request))
#21 C:/Users/josec/OneDrive/Escritorio/Aplicacion_web/Genesis_profesional/vendor/laravel/framework/src/Illuminate/Routing/Router.php(764): Illuminate/Routing/Router->runRoute(Object(Illuminate/Http/Request), Object(Illuminate/Routing/Route))
#22 C:/Users/josec/OneDrive/Escritorio/Aplicacion_web/Genesis_profesional/vendor/laravel/framework/src/Illuminate/Routing/Router.php(753): Illuminate/Routing/Router->dispatchToRoute(Object(Illuminate/Http/Request))
#23 C:/Users/josec/OneDrive/Escritorio/Aplicacion_web/Genesis_profesional/vendor/laravel/framework/src/Illuminate/Foundation/Http/Kernel.php(200): Illuminate/Routing/Router->dispatch(Object(Illuminate/Http/Request))
#24 C:/Users/josec/OneDrive/Escritorio/Aplicacion_web/Genesis_profesional/vendor/laravel/framework/src/Illuminate/Pipeline/Pipeline.php(180): Illuminate/Foundation/Http/Kernel->Illuminate/Foundation/Http/{closure}(Object(Illuminate/Http/Request))
#25 C:/Users/josec/OneDrive/Escritorio/Aplicacion_web/Genesis_profesional/vendor/laravel/framework/src/Illuminate/Foundation/Http/Middleware/TransformsRequest.php(21): Illuminate/Pipeline/Pipeline->Illuminate/Pipeline/{closure}(Object(Illuminate/Http/Request))
#26 C:/Users/josec/OneDrive/Escritorio/Aplicacion_web/Genesis_profesional/vendor/laravel/framework/src/Illuminate/Foundation/Http/Middleware/ConvertEmptyStringsToNull.php(31): Illuminate/Foundation/Http/Middleware/TransformsRequest->handle(Object(Illuminate/Http/Request), Object(Closure))
#27 C:/Users/josec/OneDrive/Escritorio/Aplicacion_web/Genesis_profesional/vendor/laravel/framework/src/Illuminate/Pipeline/Pipeline.php(219): Illuminate/Foundation/Http/Middleware/ConvertEmptyStringsToNull->handle(Object(Illuminate/Http/Request), Object(Closure))
#28 C:/Users/josec/OneDrive/Escritorio/Aplicacion_web/Genesis_profesional/vendor/laravel/framework/src/Illuminate/Foundation/Http/Middleware/TransformsRequest.php(21): Illuminate/Pipeline/Pipeline->Illuminate/Pipeline/{closure}(Object(Illuminate/Http/Request))
#29 C:/Users/josec/OneDrive/Escritorio/Aplicacion_web/Genesis_profesional/vendor/laravel/framework/src/Illuminate/Foundation/Http/Middleware/TrimStrings.php(51): Illuminate/Foundation/Http/Middleware/TransformsRequest->handle(Object(Illuminate/Http/Request), Object(Closure))
#30 C:/Users/josec/OneDrive/Escritorio/Aplicacion_web/Genesis_profesional/vendor/laravel/framework/src/Illuminate/Pipeline/Pipeline.php(219): Illuminate/Foundation/Http/Middleware/TrimStrings->handle(Object(Illuminate/Http/Request), Object(Closure))
#31 C:/Users/josec/OneDrive/Escritorio/Aplicacion_web/Genesis_profesional/vendor/laravel/framework/src/Illuminate/Http/Middleware/ValidatePostSize.php(27): Illuminate/Pipeline/Pipeline->Illuminate/Pipeline/{closure}(Object(Illuminate/Http/Request))
#32 C:/Users/josec/OneDrive/Escritorio/Aplicacion_web/Genesis_profesional/vendor/laravel/framework/src/Illuminate/Pipeline/Pipeline.php(219): Illuminate/Http/Middleware/ValidatePostSize->handle(Object(Illuminate/Http/Request), Object(Closure))
#33 C:/Users/josec/OneDrive/Escritorio/Aplicacion_web/Genesis_profesional/vendor/laravel/framework/src/Illuminate/Foundation/Http/Middleware/PreventRequestsDuringMaintenance.php(109): Illuminate/Pipeline/Pipeline->Illuminate/Pipeline/{closure}(Object(Illuminate/Http/Request))
#34 C:/Users/josec/OneDrive/Escritorio/Aplicacion_web/Genesis_profesional/vendor/laravel/framework/src/Illuminate/Pipeline/Pipeline.php(219): Illuminate/Foundation/Http/Middleware/PreventRequestsDuringMaintenance->handle(Object(Illuminate/Http/Request), Object(Closure))
#35 C:/Users/josec/OneDrive/Escritorio/Aplicacion_web/Genesis_profesional/vendor/laravel/framework/src/Illuminate/Http/Middleware/HandleCors.php(74): Illuminate/Pipeline/Pipeline->Illuminate/Pipeline/{closure}(Object(Illuminate/Http/Request))
#36 C:/Users/josec/OneDrive/Escritorio/Aplicacion_web/Genesis_profesional/vendor/laravel/framework/src/Illuminate/Pipeline/Pipeline.php(219): Illuminate/Http/Middleware/HandleCors->handle(Object(Illuminate/Http/Request), Object(Closure))
#37 C:/Users/josec/OneDrive/Escritorio/Aplicacion_web/Genesis_profesional/vendor/laravel/framework/src/Illuminate/Http/Middleware/TrustProxies.php(58): Illuminate/Pipeline/Pipeline->Illuminate/Pipeline/{closure}(Object(Illuminate/Http/Request))
#38 C:/Users/josec/OneDrive/Escritorio/Aplicacion_web/Genesis_profesional/vendor/laravel/framework/src/Illuminate/Pipeline/Pipeline.php(219): Illuminate/Http/Middleware/TrustProxies->handle(Object(Illuminate/Http/Request), Object(Closure))
#39 C:/Users/josec/OneDrive/Escritorio/Aplicacion_web/Genesis_profesional/vendor/laravel/framework/src/Illuminate/Foundation/Http/Middleware/InvokeDeferredCallbacks.php(22): Illuminate/Pipeline/Pipeline->Illuminate/Pipeline/{closure}(Object(Illuminate/Http/Request))
#40 C:/Users/josec/OneDrive/Escritorio/Aplicacion_web/Genesis_profesional/vendor/laravel/framework/src/Illuminate/Pipeline/Pipeline.php(219): Illuminate/Foundation/Http/Middleware/InvokeDeferredCallbacks->handle(Object(Illuminate/Http/Request), Object(Closure))
#41 C:/Users/josec/OneDrive/Escritorio/Aplicacion_web/Genesis_profesional/vendor/laravel/framework/src/Illuminate/Http/Middleware/ValidatePathEncoding.php(26): Illuminate/Pipeline/Pipeline->Illuminate/Pipeline/{closure}(Object(Illuminate/Http/Request))
#42 C:/Users/josec/OneDrive/Escritorio/Aplicacion_web/Genesis_profesional/vendor/laravel/framework/src/Illuminate/Pipeline/Pipeline.php(219): Illuminate/Http/Middleware/ValidatePathEncoding->handle(Object(Illuminate/Http/Request), Object(Closure))
#43 C:/Users/josec/OneDrive/Escritorio/Aplicacion_web/Genesis_profesional/vendor/laravel/framework/src/Illuminate/Pipeline/Pipeline.php(137): Illuminate/Pipeline/Pipeline->Illuminate/Pipeline/{closure}(Object(Illuminate/Http/Request))
#44 C:/Users/josec/OneDrive/Escritorio/Aplicacion_web/Genesis_profesional/vendor/laravel/framework/src/Illuminate/Foundation/Http/Kernel.php(175): Illuminate/Pipeline/Pipeline->then(Object(Closure))
#45 C:/Users/josec/OneDrive/Escritorio/Aplicacion_web/Genesis_profesional/vendor/laravel/framework/src/Illuminate/Foundation/Http/Kernel.php(144): Illuminate/Foundation/Http/Kernel->sendRequestThroughRouter(Object(Illuminate/Http/Request))
#46 C:/Users/josec/OneDrive/Escritorio/Aplicacion_web/Genesis_profesional/vendor/laravel/framework/src/Illuminate/Foundation/Application.php(1220): Illuminate/Foundation/Http/Kernel->handle(Object(Illuminate/Http/Request))
#47 C:/Users/josec/OneDrive/Escritorio/Aplicacion_web/Genesis_profesional/public/index.php(20): Illuminate/Foundation/Application->handleRequest(Object(Illuminate/Http/Request))
#48 C:/Users/josec/OneDrive/Escritorio/Aplicacion_web/Genesis_profesional/vendor/laravel/framework/src/Illuminate/Foundation/resources/server.php(23): require_once('C://Users//josec//...')
#49 {main}
"} 
[2026-06-18 07:50:41] local.ERROR: Class "App\Models\PersonalAdministrativo" not found {"exception":"[object] (Error(code: 0): Class \"App\\Models\\PersonalAdministrativo\" not found at C:/Users/josec/OneDrive/Escritorio/Aplicacion_web/Genesis_profesional/app/Http/Controllers/AuthController.php:51)
[stacktrace]
#0 C:/Users/josec/OneDrive/Escritorio/Aplicacion_web/Genesis_profesional/vendor/laravel/framework/src/Illuminate/Routing/ControllerDispatcher.php(46): App/Http/Controllers/AuthController->login(Object(Illuminate/Http/Request))
#1 C:/Users/josec/OneDrive/Escritorio/Aplicacion_web/Genesis_profesional/vendor/laravel/framework/src/Illuminate/Routing/Route.php(265): Illuminate/Routing/ControllerDispatcher->dispatch(Object(Illuminate/Routing/Route), Object(App/Http/Controllers/AuthController), 'login')
#2 C:/Users/josec/OneDrive/Escritorio/Aplicacion_web/Genesis_profesional/vendor/laravel/framework/src/Illuminate/Routing/Route.php(211): Illuminate/Routing/Route->runController()
#3 C:/Users/josec/OneDrive/Escritorio/Aplicacion_web/Genesis_profesional/vendor/laravel/framework/src/Illuminate/Routing/Router.php(822): Illuminate/Routing/Route->run()
#4 C:/Users/josec/OneDrive/Escritorio/Aplicacion_web/Genesis_profesional/vendor/laravel/framework/src/Illuminate/Pipeline/Pipeline.php(180): Illuminate/Routing/Router->Illuminate/Routing/{closure}(Object(Illuminate/Http/Request))
#5 C:/Users/josec/OneDrive/Escritorio/Aplicacion_web/Genesis_profesional/vendor/laravel/framework/src/Illuminate/Routing/Middleware/SubstituteBindings.php(50): Illuminate/Pipeline/Pipeline->Illuminate/Pipeline/{closure}(Object(Illuminate/Http/Request))
#6 C:/Users/josec/OneDrive/Escritorio/Aplicacion_web/Genesis_profesional/vendor/laravel/framework/src/Illuminate/Pipeline/Pipeline.php(219): Illuminate/Routing/Middleware/SubstituteBindings->handle(Object(Illuminate/Http/Request), Object(Closure))
#7 C:/Users/josec/OneDrive/Escritorio/Aplicacion_web/Genesis_profesional/vendor/laravel/framework/src/Illuminate/Foundation/Http/Middleware/VerifyCsrfToken.php(87): Illuminate/Pipeline/Pipeline->Illuminate/Pipeline/{closure}(Object(Illuminate/Http/Request))
#8 C:/Users/josec/OneDrive/Escritorio/Aplicacion_web/Genesis_profesional/vendor/laravel/framework/src/Illuminate/Pipeline/Pipeline.php(219): Illuminate/Foundation/Http/Middleware/VerifyCsrfToken->handle(Object(Illuminate/Http/Request), Object(Closure))
#9 C:/Users/josec/OneDrive/Escritorio/Aplicacion_web/Genesis_profesional/vendor/laravel/framework/src/Illuminate/View/Middleware/ShareErrorsFromSession.php(48): Illuminate/Pipeline/Pipeline->Illuminate/Pipeline/{closure}(Object(Illuminate/Http/Request))
#10 C:/Users/josec/OneDrive/Escritorio/Aplicacion_web/Genesis_profesional/vendor/laravel/framework/src/Illuminate/Pipeline/Pipeline.php(219): Illuminate/View/Middleware/ShareErrorsFromSession->handle(Object(Illuminate/Http/Request), Object(Closure))
#11 C:/Users/josec/OneDrive/Escritorio/Aplicacion_web/Genesis_profesional/vendor/laravel/framework/src/Illuminate/Session/Middleware/StartSession.php(120): Illuminate/Pipeline/Pipeline->Illuminate/Pipeline/{closure}(Object(Illuminate/Http/Request))
#12 C:/Users/josec/OneDrive/Escritorio/Aplicacion_web/Genesis_profesional/vendor/laravel/framework/src/Illuminate/Session/Middleware/StartSession.php(63): Illuminate/Session/Middleware/StartSession->handleStatefulRequest(Object(Illuminate/Http/Request), Object(Illuminate/Session/Store), Object(Closure))
#13 C:/Users/josec/OneDrive/Escritorio/Aplicacion_web/Genesis_profesional/vendor/laravel/framework/src/Illuminate/Pipeline/Pipeline.php(219): Illuminate/Session/Middleware/StartSession->handle(Object(Illuminate/Http/Request), Object(Closure))
#14 C:/Users/josec/OneDrive/Escritorio/Aplicacion_web/Genesis_profesional/vendor/laravel/framework/src/Illuminate/Cookie/Middleware/AddQueuedCookiesToResponse.php(36): Illuminate/Pipeline/Pipeline->Illuminate/Pipeline/{closure}(Object(Illuminate/Http/Request))
#15 C:/Users/josec/OneDrive/Escritorio/Aplicacion_web/Genesis_profesional/vendor/laravel/framework/src/Illuminate/Pipeline/Pipeline.php(219): Illuminate/Cookie/Middleware/AddQueuedCookiesToResponse->handle(Object(Illuminate/Http/Request), Object(Closure))
#16 C:/Users/josec/OneDrive/Escritorio/Aplicacion_web/Genesis_profesional/vendor/laravel/framework/src/Illuminate/Cookie/Middleware/EncryptCookies.php(74): Illuminate/Pipeline/Pipeline->Illuminate/Pipeline/{closure}(Object(Illuminate/Http/Request))
#17 C:/Users/josec/OneDrive/Escritorio/Aplicacion_web/Genesis_profesional/vendor/laravel/framework/src/Illuminate/Pipeline/Pipeline.php(219): Illuminate/Cookie/Middleware/EncryptCookies->handle(Object(Illuminate/Http/Request), Object(Closure))
#18 C:/Users/josec/OneDrive/Escritorio/Aplicacion_web/Genesis_profesional/vendor/laravel/framework/src/Illuminate/Pipeline/Pipeline.php(137): Illuminate/Pipeline/Pipeline->Illuminate/Pipeline/{closure}(Object(Illuminate/Http/Request))
#19 C:/Users/josec/OneDrive/Escritorio/Aplicacion_web/Genesis_profesional/vendor/laravel/framework/src/Illuminate/Routing/Router.php(821): Illuminate/Pipeline/Pipeline->then(Object(Closure))
#20 C:/Users/josec/OneDrive/Escritorio/Aplicacion_web/Genesis_profesional/vendor/laravel/framework/src/Illuminate/Routing/Router.php(800): Illuminate/Routing/Router->runRouteWithinStack(Object(Illuminate/Routing/Route), Object(Illuminate/Http/Request))
#21 C:/Users/josec/OneDrive/Escritorio/Aplicacion_web/Genesis_profesional/vendor/laravel/framework/src/Illuminate/Routing/Router.php(764): Illuminate/Routing/Router->runRoute(Object(Illuminate/Http/Request), Object(Illuminate/Routing/Route))
#22 C:/Users/josec/OneDrive/Escritorio/Aplicacion_web/Genesis_profesional/vendor/laravel/framework/src/Illuminate/Routing/Router.php(753): Illuminate/Routing/Router->dispatchToRoute(Object(Illuminate/Http/Request))
#23 C:/Users/josec/OneDrive/Escritorio/Aplicacion_web/Genesis_profesional/vendor/laravel/framework/src/Illuminate/Foundation/Http/Kernel.php(200): Illuminate/Routing/Router->dispatch(Object(Illuminate/Http/Request))
#24 C:/Users/josec/OneDrive/Escritorio/Aplicacion_web/Genesis_profesional/vendor/laravel/framework/src/Illuminate/Pipeline/Pipeline.php(180): Illuminate/Foundation/Http/Kernel->Illuminate/Foundation/Http/{closure}(Object(Illuminate/Http/Request))
#25 C:/Users/josec/OneDrive/Escritorio/Aplicacion_web/Genesis_profesional/vendor/laravel/framework/src/Illuminate/Foundation/Http/Middleware/TransformsRequest.php(21): Illuminate/Pipeline/Pipeline->Illuminate/Pipeline/{closure}(Object(Illuminate/Http/Request))
#26 C:/Users/josec/OneDrive/Escritorio/Aplicacion_web/Genesis_profesional/vendor/laravel/framework/src/Illuminate/Foundation/Http/Middleware/ConvertEmptyStringsToNull.php(31): Illuminate/Foundation/Http/Middleware/TransformsRequest->handle(Object(Illuminate/Http/Request), Object(Closure))
#27 C:/Users/josec/OneDrive/Escritorio/Aplicacion_web/Genesis_profesional/vendor/laravel/framework/src/Illuminate/Pipeline/Pipeline.php(219): Illuminate/Foundation/Http/Middleware/ConvertEmptyStringsToNull->handle(Object(Illuminate/Http/Request), Object(Closure))
#28 C:/Users/josec/OneDrive/Escritorio/Aplicacion_web/Genesis_profesional/vendor/laravel/framework/src/Illuminate/Foundation/Http/Middleware/TransformsRequest.php(21): Illuminate/Pipeline/Pipeline->Illuminate/Pipeline/{closure}(Object(Illuminate/Http/Request))
#29 C:/Users/josec/OneDrive/Escritorio/Aplicacion_web/Genesis_profesional/vendor/laravel/framework/src/Illuminate/Foundation/Http/Middleware/TrimStrings.php(51): Illuminate/Foundation/Http/Middleware/TransformsRequest->handle(Object(Illuminate/Http/Request), Object(Closure))
#30 C:/Users/josec/OneDrive/Escritorio/Aplicacion_web/Genesis_profesional/vendor/laravel/framework/src/Illuminate/Pipeline/Pipeline.php(219): Illuminate/Foundation/Http/Middleware/TrimStrings->handle(Object(Illuminate/Http/Request), Object(Closure))
#31 C:/Users/josec/OneDrive/Escritorio/Aplicacion_web/Genesis_profesional/vendor/laravel/framework/src/Illuminate/Http/Middleware/ValidatePostSize.php(27): Illuminate/Pipeline/Pipeline->Illuminate/Pipeline/{closure}(Object(Illuminate/Http/Request))
#32 C:/Users/josec/OneDrive/Escritorio/Aplicacion_web/Genesis_profesional/vendor/laravel/framework/src/Illuminate/Pipeline/Pipeline.php(219): Illuminate/Http/Middleware/ValidatePostSize->handle(Object(Illuminate/Http/Request), Object(Closure))
#33 C:/Users/josec/OneDrive/Escritorio/Aplicacion_web/Genesis_profesional/vendor/laravel/framework/src/Illuminate/Foundation/Http/Middleware/PreventRequestsDuringMaintenance.php(109): Illuminate/Pipeline/Pipeline->Illuminate/Pipeline/{closure}(Object(Illuminate/Http/Request))
#34 C:/Users/josec/OneDrive/Escritorio/Aplicacion_web/Genesis_profesional/vendor/laravel/framework/src/Illuminate/Pipeline/Pipeline.php(219): Illuminate/Foundation/Http/Middleware/PreventRequestsDuringMaintenance->handle(Object(Illuminate/Http/Request), Object(Closure))
#35 C:/Users/josec/OneDrive/Escritorio/Aplicacion_web/Genesis_profesional/vendor/laravel/framework/src/Illuminate/Http/Middleware/HandleCors.php(74): Illuminate/Pipeline/Pipeline->Illuminate/Pipeline/{closure}(Object(Illuminate/Http/Request))
#36 C:/Users/josec/OneDrive/Escritorio/Aplicacion_web/Genesis_profesional/vendor/laravel/framework/src/Illuminate/Pipeline/Pipeline.php(219): Illuminate/Http/Middleware/HandleCors->handle(Object(Illuminate/Http/Request), Object(Closure))
#37 C:/Users/josec/OneDrive/Escritorio/Aplicacion_web/Genesis_profesional/vendor/laravel/framework/src/Illuminate/Http/Middleware/TrustProxies.php(58): Illuminate/Pipeline/Pipeline->Illuminate/Pipeline/{closure}(Object(Illuminate/Http/Request))
#38 C:/Users/josec/OneDrive/Escritorio/Aplicacion_web/Genesis_profesional/vendor/laravel/framework/src/Illuminate/Pipeline/Pipeline.php(219): Illuminate/Http/Middleware/TrustProxies->handle(Object(Illuminate/Http/Request), Object(Closure))
#39 C:/Users/josec/OneDrive/Escritorio/Aplicacion_web/Genesis_profesional/vendor/laravel/framework/src/Illuminate/Foundation/Http/Middleware/InvokeDeferredCallbacks.php(22): Illuminate/Pipeline/Pipeline->Illuminate/Pipeline/{closure}(Object(Illuminate/Http/Request))
#40 C:/Users/josec/OneDrive/Escritorio/Aplicacion_web/Genesis_profesional/vendor/laravel/framework/src/Illuminate/Pipeline/Pipeline.php(219): Illuminate/Foundation/Http/Middleware/InvokeDeferredCallbacks->handle(Object(Illuminate/Http/Request), Object(Closure))
#41 C:/Users/josec/OneDrive/Escritorio/Aplicacion_web/Genesis_profesional/vendor/laravel/framework/src/Illuminate/Http/Middleware/ValidatePathEncoding.php(26): Illuminate/Pipeline/Pipeline->Illuminate/Pipeline/{closure}(Object(Illuminate/Http/Request))
#42 C:/Users/josec/OneDrive/Escritorio/Aplicacion_web/Genesis_profesional/vendor/laravel/framework/src/Illuminate/Pipeline/Pipeline.php(219): Illuminate/Http/Middleware/ValidatePathEncoding->handle(Object(Illuminate/Http/Request), Object(Closure))
#43 C:/Users/josec/OneDrive/Escritorio/Aplicacion_web/Genesis_profesional/vendor/laravel/framework/src/Illuminate/Pipeline/Pipeline.php(137): Illuminate/Pipeline/Pipeline->Illuminate/Pipeline/{closure}(Object(Illuminate/Http/Request))
#44 C:/Users/josec/OneDrive/Escritorio/Aplicacion_web/Genesis_profesional/vendor/laravel/framework/src/Illuminate/Foundation/Http/Kernel.php(175): Illuminate/Pipeline/Pipeline->then(Object(Closure))
#45 C:/Users/josec/OneDrive/Escritorio/Aplicacion_web/Genesis_profesional/vendor/laravel/framework/src/Illuminate/Foundation/Http/Kernel.php(144): Illuminate/Foundation/Http/Kernel->sendRequestThroughRouter(Object(Illuminate/Http/Request))
#46 C:/Users/josec/OneDrive/Escritorio/Aplicacion_web/Genesis_profesional/vendor/laravel/framework/src/Illuminate/Foundation/Application.php(1220): Illuminate/Foundation/Http/Kernel->handle(Object(Illuminate/Http/Request))
#47 C:/Users/josec/OneDrive/Escritorio/Aplicacion_web/Genesis_profesional/public/index.php(20): Illuminate/Foundation/Application->handleRequest(Object(Illuminate/Http/Request))
#48 C:/Users/josec/OneDrive/Escritorio/Aplicacion_web/Genesis_profesional/vendor/laravel/framework/src/Illuminate/Foundation/resources/server.php(23): require_once('C://Users//josec//...')
#49 {main}
"} 
[2026-06-18 07:52:07] local.ERROR: Class "App\Models\PersonalAdministrativo" not found {"exception":"[object] (Error(code: 0): Class \"App\\Models\\PersonalAdministrativo\" not found at C:/Users/josec/OneDrive/Escritorio/Aplicacion_web/Genesis_profesional/app/Http/Controllers/AuthController.php:51)
[stacktrace]
#0 C:/Users/josec/OneDrive/Escritorio/Aplicacion_web/Genesis_profesional/vendor/laravel/framework/src/Illuminate/Routing/ControllerDispatcher.php(46): App/Http/Controllers/AuthController->login(Object(Illuminate/Http/Request))
#1 C:/Users/josec/OneDrive/Escritorio/Aplicacion_web/Genesis_profesional/vendor/laravel/framework/src/Illuminate/Routing/Route.php(265): Illuminate/Routing/ControllerDispatcher->dispatch(Object(Illuminate/Routing/Route), Object(App/Http/Controllers/AuthController), 'login')
#2 C:/Users/josec/OneDrive/Escritorio/Aplicacion_web/Genesis_profesional/vendor/laravel/framework/src/Illuminate/Routing/Route.php(211): Illuminate/Routing/Route->runController()
#3 C:/Users/josec/OneDrive/Escritorio/Aplicacion_web/Genesis_profesional/vendor/laravel/framework/src/Illuminate/Routing/Router.php(822): Illuminate/Routing/Route->run()
#4 C:/Users/josec/OneDrive/Escritorio/Aplicacion_web/Genesis_profesional/vendor/laravel/framework/src/Illuminate/Pipeline/Pipeline.php(180): Illuminate/Routing/Router->Illuminate/Routing/{closure}(Object(Illuminate/Http/Request))
#5 C:/Users/josec/OneDrive/Escritorio/Aplicacion_web/Genesis_profesional/vendor/laravel/framework/src/Illuminate/Routing/Middleware/SubstituteBindings.php(50): Illuminate/Pipeline/Pipeline->Illuminate/Pipeline/{closure}(Object(Illuminate/Http/Request))
#6 C:/Users/josec/OneDrive/Escritorio/Aplicacion_web/Genesis_profesional/vendor/laravel/framework/src/Illuminate/Pipeline/Pipeline.php(219): Illuminate/Routing/Middleware/SubstituteBindings->handle(Object(Illuminate/Http/Request), Object(Closure))
#7 C:/Users/josec/OneDrive/Escritorio/Aplicacion_web/Genesis_profesional/vendor/laravel/framework/src/Illuminate/Foundation/Http/Middleware/VerifyCsrfToken.php(87): Illuminate/Pipeline/Pipeline->Illuminate/Pipeline/{closure}(Object(Illuminate/Http/Request))
#8 C:/Users/josec/OneDrive/Escritorio/Aplicacion_web/Genesis_profesional/vendor/laravel/framework/src/Illuminate/Pipeline/Pipeline.php(219): Illuminate/Foundation/Http/Middleware/VerifyCsrfToken->handle(Object(Illuminate/Http/Request), Object(Closure))
#9 C:/Users/josec/OneDrive/Escritorio/Aplicacion_web/Genesis_profesional/vendor/laravel/framework/src/Illuminate/View/Middleware/ShareErrorsFromSession.php(48): Illuminate/Pipeline/Pipeline->Illuminate/Pipeline/{closure}(Object(Illuminate/Http/Request))
#10 C:/Users/josec/OneDrive/Escritorio/Aplicacion_web/Genesis_profesional/vendor/laravel/framework/src/Illuminate/Pipeline/Pipeline.php(219): Illuminate/View/Middleware/ShareErrorsFromSession->handle(Object(Illuminate/Http/Request), Object(Closure))
#11 C:/Users/josec/OneDrive/Escritorio/Aplicacion_web/Genesis_profesional/vendor/laravel/framework/src/Illuminate/Session/Middleware/StartSession.php(120): Illuminate/Pipeline/Pipeline->Illuminate/Pipeline/{closure}(Object(Illuminate/Http/Request))
#12 C:/Users/josec/OneDrive/Escritorio/Aplicacion_web/Genesis_profesional/vendor/laravel/framework/src/Illuminate/Session/Middleware/StartSession.php(63): Illuminate/Session/Middleware/StartSession->handleStatefulRequest(Object(Illuminate/Http/Request), Object(Illuminate/Session/Store), Object(Closure))
#13 C:/Users/josec/OneDrive/Escritorio/Aplicacion_web/Genesis_profesional/vendor/laravel/framework/src/Illuminate/Pipeline/Pipeline.php(219): Illuminate/Session/Middleware/StartSession->handle(Object(Illuminate/Http/Request), Object(Closure))
#14 C:/Users/josec/OneDrive/Escritorio/Aplicacion_web/Genesis_profesional/vendor/laravel/framework/src/Illuminate/Cookie/Middleware/AddQueuedCookiesToResponse.php(36): Illuminate/Pipeline/Pipeline->Illuminate/Pipeline/{closure}(Object(Illuminate/Http/Request))
#15 C:/Users/josec/OneDrive/Escritorio/Aplicacion_web/Genesis_profesional/vendor/laravel/framework/src/Illuminate/Pipeline/Pipeline.php(219): Illuminate/Cookie/Middleware/AddQueuedCookiesToResponse->handle(Object(Illuminate/Http/Request), Object(Closure))
#16 C:/Users/josec/OneDrive/Escritorio/Aplicacion_web/Genesis_profesional/vendor/laravel/framework/src/Illuminate/Cookie/Middleware/EncryptCookies.php(74): Illuminate/Pipeline/Pipeline->Illuminate/Pipeline/{closure}(Object(Illuminate/Http/Request))
#17 C:/Users/josec/OneDrive/Escritorio/Aplicacion_web/Genesis_profesional/vendor/laravel/framework/src/Illuminate/Pipeline/Pipeline.php(219): Illuminate/Cookie/Middleware/EncryptCookies->handle(Object(Illuminate/Http/Request), Object(Closure))
#18 C:/Users/josec/OneDrive/Escritorio/Aplicacion_web/Genesis_profesional/vendor/laravel/framework/src/Illuminate/Pipeline/Pipeline.php(137): Illuminate/Pipeline/Pipeline->Illuminate/Pipeline/{closure}(Object(Illuminate/Http/Request))
#19 C:/Users/josec/OneDrive/Escritorio/Aplicacion_web/Genesis_profesional/vendor/laravel/framework/src/Illuminate/Routing/Router.php(821): Illuminate/Pipeline/Pipeline->then(Object(Closure))
#20 C:/Users/josec/OneDrive/Escritorio/Aplicacion_web/Genesis_profesional/vendor/laravel/framework/src/Illuminate/Routing/Router.php(800): Illuminate/Routing/Router->runRouteWithinStack(Object(Illuminate/Routing/Route), Object(Illuminate/Http/Request))
#21 C:/Users/josec/OneDrive/Escritorio/Aplicacion_web/Genesis_profesional/vendor/laravel/framework/src/Illuminate/Routing/Router.php(764): Illuminate/Routing/Router->runRoute(Object(Illuminate/Http/Request), Object(Illuminate/Routing/Route))
#22 C:/Users/josec/OneDrive/Escritorio/Aplicacion_web/Genesis_profesional/vendor/laravel/framework/src/Illuminate/Routing/Router.php(753): Illuminate/Routing/Router->dispatchToRoute(Object(Illuminate/Http/Request))
#23 C:/Users/josec/OneDrive/Escritorio/Aplicacion_web/Genesis_profesional/vendor/laravel/framework/src/Illuminate/Foundation/Http/Kernel.php(200): Illuminate/Routing/Router->dispatch(Object(Illuminate/Http/Request))
#24 C:/Users/josec/OneDrive/Escritorio/Aplicacion_web/Genesis_profesional/vendor/laravel/framework/src/Illuminate/Pipeline/Pipeline.php(180): Illuminate/Foundation/Http/Kernel->Illuminate/Foundation/Http/{closure}(Object(Illuminate/Http/Request))
#25 C:/Users/josec/OneDrive/Escritorio/Aplicacion_web/Genesis_profesional/vendor/laravel/framework/src/Illuminate/Foundation/Http/Middleware/TransformsRequest.php(21): Illuminate/Pipeline/Pipeline->Illuminate/Pipeline/{closure}(Object(Illuminate/Http/Request))
#26 C:/Users/josec/OneDrive/Escritorio/Aplicacion_web/Genesis_profesional/vendor/laravel/framework/src/Illuminate/Foundation/Http/Middleware/ConvertEmptyStringsToNull.php(31): Illuminate/Foundation/Http/Middleware/TransformsRequest->handle(Object(Illuminate/Http/Request), Object(Closure))
#27 C:/Users/josec/OneDrive/Escritorio/Aplicacion_web/Genesis_profesional/vendor/laravel/framework/src/Illuminate/Pipeline/Pipeline.php(219): Illuminate/Foundation/Http/Middleware/ConvertEmptyStringsToNull->handle(Object(Illuminate/Http/Request), Object(Closure))
#28 C:/Users/josec/OneDrive/Escritorio/Aplicacion_web/Genesis_profesional/vendor/laravel/framework/src/Illuminate/Foundation/Http/Middleware/TransformsRequest.php(21): Illuminate/Pipeline/Pipeline->Illuminate/Pipeline/{closure}(Object(Illuminate/Http/Request))
#29 C:/Users/josec/OneDrive/Escritorio/Aplicacion_web/Genesis_profesional/vendor/laravel/framework/src/Illuminate/Foundation/Http/Middleware/TrimStrings.php(51): Illuminate/Foundation/Http/Middleware/TransformsRequest->handle(Object(Illuminate/Http/Request), Object(Closure))
#30 C:/Users/josec/OneDrive/Escritorio/Aplicacion_web/Genesis_profesional/vendor/laravel/framework/src/Illuminate/Pipeline/Pipeline.php(219): Illuminate/Foundation/Http/Middleware/TrimStrings->handle(Object(Illuminate/Http/Request), Object(Closure))
#31 C:/Users/josec/OneDrive/Escritorio/Aplicacion_web/Genesis_profesional/vendor/laravel/framework/src/Illuminate/Http/Middleware/ValidatePostSize.php(27): Illuminate/Pipeline/Pipeline->Illuminate/Pipeline/{closure}(Object(Illuminate/Http/Request))
#32 C:/Users/josec/OneDrive/Escritorio/Aplicacion_web/Genesis_profesional/vendor/laravel/framework/src/Illuminate/Pipeline/Pipeline.php(219): Illuminate/Http/Middleware/ValidatePostSize->handle(Object(Illuminate/Http/Request), Object(Closure))
#33 C:/Users/josec/OneDrive/Escritorio/Aplicacion_web/Genesis_profesional/vendor/laravel/framework/src/Illuminate/Foundation/Http/Middleware/PreventRequestsDuringMaintenance.php(109): Illuminate/Pipeline/Pipeline->Illuminate/Pipeline/{closure}(Object(Illuminate/Http/Request))
#34 C:/Users/josec/OneDrive/Escritorio/Aplicacion_web/Genesis_profesional/vendor/laravel/framework/src/Illuminate/Pipeline/Pipeline.php(219): Illuminate/Foundation/Http/Middleware/PreventRequestsDuringMaintenance->handle(Object(Illuminate/Http/Request), Object(Closure))
#35 C:/Users/josec/OneDrive/Escritorio/Aplicacion_web/Genesis_profesional/vendor/laravel/framework/src/Illuminate/Http/Middleware/HandleCors.php(74): Illuminate/Pipeline/Pipeline->Illuminate/Pipeline/{closure}(Object(Illuminate/Http/Request))
#36 C:/Users/josec/OneDrive/Escritorio/Aplicacion_web/Genesis_profesional/vendor/laravel/framework/src/Illuminate/Pipeline/Pipeline.php(219): Illuminate/Http/Middleware/HandleCors->handle(Object(Illuminate/Http/Request), Object(Closure))
#37 C:/Users/josec/OneDrive/Escritorio/Aplicacion_web/Genesis_profesional/vendor/laravel/framework/src/Illuminate/Http/Middleware/TrustProxies.php(58): Illuminate/Pipeline/Pipeline->Illuminate/Pipeline/{closure}(Object(Illuminate/Http/Request))
#38 C:/Users/josec/OneDrive/Escritorio/Aplicacion_web/Genesis_profesional/vendor/laravel/framework/src/Illuminate/Pipeline/Pipeline.php(219): Illuminate/Http/Middleware/TrustProxies->handle(Object(Illuminate/Http/Request), Object(Closure))
#39 C:/Users/josec/OneDrive/Escritorio/Aplicacion_web/Genesis_profesional/vendor/laravel/framework/src/Illuminate/Foundation/Http/Middleware/InvokeDeferredCallbacks.php(22): Illuminate/Pipeline/Pipeline->Illuminate/Pipeline/{closure}(Object(Illuminate/Http/Request))
#40 C:/Users/josec/OneDrive/Escritorio/Aplicacion_web/Genesis_profesional/vendor/laravel/framework/src/Illuminate/Pipeline/Pipeline.php(219): Illuminate/Foundation/Http/Middleware/InvokeDeferredCallbacks->handle(Object(Illuminate/Http/Request), Object(Closure))
#41 C:/Users/josec/OneDrive/Escritorio/Aplicacion_web/Genesis_profesional/vendor/laravel/framework/src/Illuminate/Http/Middleware/ValidatePathEncoding.php(26): Illuminate/Pipeline/Pipeline->Illuminate/Pipeline/{closure}(Object(Illuminate/Http/Request))
#42 C:/Users/josec/OneDrive/Escritorio/Aplicacion_web/Genesis_profesional/vendor/laravel/framework/src/Illuminate/Pipeline/Pipeline.php(219): Illuminate/Http/Middleware/ValidatePathEncoding->handle(Object(Illuminate/Http/Request), Object(Closure))
#43 C:/Users/josec/OneDrive/Escritorio/Aplicacion_web/Genesis_profesional/vendor/laravel/framework/src/Illuminate/Pipeline/Pipeline.php(137): Illuminate/Pipeline/Pipeline->Illuminate/Pipeline/{closure}(Object(Illuminate/Http/Request))
#44 C:/Users/josec/OneDrive/Escritorio/Aplicacion_web/Genesis_profesional/vendor/laravel/framework/src/Illuminate/Foundation/Http/Kernel.php(175): Illuminate/Pipeline/Pipeline->then(Object(Closure))
#45 C:/Users/josec/OneDrive/Escritorio/Aplicacion_web/Genesis_profesional/vendor/laravel/framework/src/Illuminate/Foundation/Http/Kernel.php(144): Illuminate/Foundation/Http/Kernel->sendRequestThroughRouter(Object(Illuminate/Http/Request))
#46 C:/Users/josec/OneDrive/Escritorio/Aplicacion_web/Genesis_profesional/vendor/laravel/framework/src/Illuminate/Foundation/Application.php(1220): Illuminate/Foundation/Http/Kernel->handle(Object(Illuminate/Http/Request))
#47 C:/Users/josec/OneDrive/Escritorio/Aplicacion_web/Genesis_profesional/public/index.php(20): Illuminate/Foundation/Application->handleRequest(Object(Illuminate/Http/Request))
#48 C:/Users/josec/OneDrive/Escritorio/Aplicacion_web/Genesis_profesional/vendor/laravel/framework/src/Illuminate/Foundation/resources/server.php(23): require_once('C://Users//josec//...')
#49 {main}
"} 
[2026-06-18 07:52:30] local.ERROR: Class "App\Models\PersonalAdministrativo" not found {"exception":"[object] (Error(code: 0): Class \"App\\Models\\PersonalAdministrativo\" not found at C:/Users/josec/OneDrive/Escritorio/Aplicacion_web/Genesis_profesional/app/Http/Controllers/AuthController.php:51)
[stacktrace]
#0 C:/Users/josec/OneDrive/Escritorio/Aplicacion_web/Genesis_profesional/vendor/laravel/framework/src/Illuminate/Routing/ControllerDispatcher.php(46): App/Http/Controllers/AuthController->login(Object(Illuminate/Http/Request))
#1 C:/Users/josec/OneDrive/Escritorio/Aplicacion_web/Genesis_profesional/vendor/laravel/framework/src/Illuminate/Routing/Route.php(265): Illuminate/Routing/ControllerDispatcher->dispatch(Object(Illuminate/Routing/Route), Object(App/Http/Controllers/AuthController), 'login')
#2 C:/Users/josec/OneDrive/Escritorio/Aplicacion_web/Genesis_profesional/vendor/laravel/framework/src/Illuminate/Routing/Route.php(211): Illuminate/Routing/Route->runController()
#3 C:/Users/josec/OneDrive/Escritorio/Aplicacion_web/Genesis_profesional/vendor/laravel/framework/src/Illuminate/Routing/Router.php(822): Illuminate/Routing/Route->run()
#4 C:/Users/josec/OneDrive/Escritorio/Aplicacion_web/Genesis_profesional/vendor/laravel/framework/src/Illuminate/Pipeline/Pipeline.php(180): Illuminate/Routing/Router->Illuminate/Routing/{closure}(Object(Illuminate/Http/Request))
#5 C:/Users/josec/OneDrive/Escritorio/Aplicacion_web/Genesis_profesional/vendor/laravel/framework/src/Illuminate/Routing/Middleware/SubstituteBindings.php(50): Illuminate/Pipeline/Pipeline->Illuminate/Pipeline/{closure}(Object(Illuminate/Http/Request))
#6 C:/Users/josec/OneDrive/Escritorio/Aplicacion_web/Genesis_profesional/vendor/laravel/framework/src/Illuminate/Pipeline/Pipeline.php(219): Illuminate/Routing/Middleware/SubstituteBindings->handle(Object(Illuminate/Http/Request), Object(Closure))
#7 C:/Users/josec/OneDrive/Escritorio/Aplicacion_web/Genesis_profesional/vendor/laravel/framework/src/Illuminate/Foundation/Http/Middleware/VerifyCsrfToken.php(87): Illuminate/Pipeline/Pipeline->Illuminate/Pipeline/{closure}(Object(Illuminate/Http/Request))
#8 C:/Users/josec/OneDrive/Escritorio/Aplicacion_web/Genesis_profesional/vendor/laravel/framework/src/Illuminate/Pipeline/Pipeline.php(219): Illuminate/Foundation/Http/Middleware/VerifyCsrfToken->handle(Object(Illuminate/Http/Request), Object(Closure))
#9 C:/Users/josec/OneDrive/Escritorio/Aplicacion_web/Genesis_profesional/vendor/laravel/framework/src/Illuminate/View/Middleware/ShareErrorsFromSession.php(48): Illuminate/Pipeline/Pipeline->Illuminate/Pipeline/{closure}(Object(Illuminate/Http/Request))
#10 C:/Users/josec/OneDrive/Escritorio/Aplicacion_web/Genesis_profesional/vendor/laravel/framework/src/Illuminate/Pipeline/Pipeline.php(219): Illuminate/View/Middleware/ShareErrorsFromSession->handle(Object(Illuminate/Http/Request), Object(Closure))
#11 C:/Users/josec/OneDrive/Escritorio/Aplicacion_web/Genesis_profesional/vendor/laravel/framework/src/Illuminate/Session/Middleware/StartSession.php(120): Illuminate/Pipeline/Pipeline->Illuminate/Pipeline/{closure}(Object(Illuminate/Http/Request))
#12 C:/Users/josec/OneDrive/Escritorio/Aplicacion_web/Genesis_profesional/vendor/laravel/framework/src/Illuminate/Session/Middleware/StartSession.php(63): Illuminate/Session/Middleware/StartSession->handleStatefulRequest(Object(Illuminate/Http/Request), Object(Illuminate/Session/Store), Object(Closure))
#13 C:/Users/josec/OneDrive/Escritorio/Aplicacion_web/Genesis_profesional/vendor/laravel/framework/src/Illuminate/Pipeline/Pipeline.php(219): Illuminate/Session/Middleware/StartSession->handle(Object(Illuminate/Http/Request), Object(Closure))
#14 C:/Users/josec/OneDrive/Escritorio/Aplicacion_web/Genesis_profesional/vendor/laravel/framework/src/Illuminate/Cookie/Middleware/AddQueuedCookiesToResponse.php(36): Illuminate/Pipeline/Pipeline->Illuminate/Pipeline/{closure}(Object(Illuminate/Http/Request))
#15 C:/Users/josec/OneDrive/Escritorio/Aplicacion_web/Genesis_profesional/vendor/laravel/framework/src/Illuminate/Pipeline/Pipeline.php(219): Illuminate/Cookie/Middleware/AddQueuedCookiesToResponse->handle(Object(Illuminate/Http/Request), Object(Closure))
#16 C:/Users/josec/OneDrive/Escritorio/Aplicacion_web/Genesis_profesional/vendor/laravel/framework/src/Illuminate/Cookie/Middleware/EncryptCookies.php(74): Illuminate/Pipeline/Pipeline->Illuminate/Pipeline/{closure}(Object(Illuminate/Http/Request))
#17 C:/Users/josec/OneDrive/Escritorio/Aplicacion_web/Genesis_profesional/vendor/laravel/framework/src/Illuminate/Pipeline/Pipeline.php(219): Illuminate/Cookie/Middleware/EncryptCookies->handle(Object(Illuminate/Http/Request), Object(Closure))
#18 C:/Users/josec/OneDrive/Escritorio/Aplicacion_web/Genesis_profesional/vendor/laravel/framework/src/Illuminate/Pipeline/Pipeline.php(137): Illuminate/Pipeline/Pipeline->Illuminate/Pipeline/{closure}(Object(Illuminate/Http/Request))
#19 C:/Users/josec/OneDrive/Escritorio/Aplicacion_web/Genesis_profesional/vendor/laravel/framework/src/Illuminate/Routing/Router.php(821): Illuminate/Pipeline/Pipeline->then(Object(Closure))
#20 C:/Users/josec/OneDrive/Escritorio/Aplicacion_web/Genesis_profesional/vendor/laravel/framework/src/Illuminate/Routing/Router.php(800): Illuminate/Routing/Router->runRouteWithinStack(Object(Illuminate/Routing/Route), Object(Illuminate/Http/Request))
#21 C:/Users/josec/OneDrive/Escritorio/Aplicacion_web/Genesis_profesional/vendor/laravel/framework/src/Illuminate/Routing/Router.php(764): Illuminate/Routing/Router->runRoute(Object(Illuminate/Http/Request), Object(Illuminate/Routing/Route))
#22 C:/Users/josec/OneDrive/Escritorio/Aplicacion_web/Genesis_profesional/vendor/laravel/framework/src/Illuminate/Routing/Router.php(753): Illuminate/Routing/Router->dispatchToRoute(Object(Illuminate/Http/Request))
#23 C:/Users/josec/OneDrive/Escritorio/Aplicacion_web/Genesis_profesional/vendor/laravel/framework/src/Illuminate/Foundation/Http/Kernel.php(200): Illuminate/Routing/Router->dispatch(Object(Illuminate/Http/Request))
#24 C:/Users/josec/OneDrive/Escritorio/Aplicacion_web/Genesis_profesional/vendor/laravel/framework/src/Illuminate/Pipeline/Pipeline.php(180): Illuminate/Foundation/Http/Kernel->Illuminate/Foundation/Http/{closure}(Object(Illuminate/Http/Request))
#25 C:/Users/josec/OneDrive/Escritorio/Aplicacion_web/Genesis_profesional/vendor/laravel/framework/src/Illuminate/Foundation/Http/Middleware/TransformsRequest.php(21): Illuminate/Pipeline/Pipeline->Illuminate/Pipeline/{closure}(Object(Illuminate/Http/Request))
#26 C:/Users/josec/OneDrive/Escritorio/Aplicacion_web/Genesis_profesional/vendor/laravel/framework/src/Illuminate/Foundation/Http/Middleware/ConvertEmptyStringsToNull.php(31): Illuminate/Foundation/Http/Middleware/TransformsRequest->handle(Object(Illuminate/Http/Request), Object(Closure))
#27 C:/Users/josec/OneDrive/Escritorio/Aplicacion_web/Genesis_profesional/vendor/laravel/framework/src/Illuminate/Pipeline/Pipeline.php(219): Illuminate/Foundation/Http/Middleware/ConvertEmptyStringsToNull->handle(Object(Illuminate/Http/Request), Object(Closure))
#28 C:/Users/josec/OneDrive/Escritorio/Aplicacion_web/Genesis_profesional/vendor/laravel/framework/src/Illuminate/Foundation/Http/Middleware/TransformsRequest.php(21): Illuminate/Pipeline/Pipeline->Illuminate/Pipeline/{closure}(Object(Illuminate/Http/Request))
#29 C:/Users/josec/OneDrive/Escritorio/Aplicacion_web/Genesis_profesional/vendor/laravel/framework/src/Illuminate/Foundation/Http/Middleware/TrimStrings.php(51): Illuminate/Foundation/Http/Middleware/TransformsRequest->handle(Object(Illuminate/Http/Request), Object(Closure))
#30 C:/Users/josec/OneDrive/Escritorio/Aplicacion_web/Genesis_profesional/vendor/laravel/framework/src/Illuminate/Pipeline/Pipeline.php(219): Illuminate/Foundation/Http/Middleware/TrimStrings->handle(Object(Illuminate/Http/Request), Object(Closure))
#31 C:/Users/josec/OneDrive/Escritorio/Aplicacion_web/Genesis_profesional/vendor/laravel/framework/src/Illuminate/Http/Middleware/ValidatePostSize.php(27): Illuminate/Pipeline/Pipeline->Illuminate/Pipeline/{closure}(Object(Illuminate/Http/Request))
#32 C:/Users/josec/OneDrive/Escritorio/Aplicacion_web/Genesis_profesional/vendor/laravel/framework/src/Illuminate/Pipeline/Pipeline.php(219): Illuminate/Http/Middleware/ValidatePostSize->handle(Object(Illuminate/Http/Request), Object(Closure))
#33 C:/Users/josec/OneDrive/Escritorio/Aplicacion_web/Genesis_profesional/vendor/laravel/framework/src/Illuminate/Foundation/Http/Middleware/PreventRequestsDuringMaintenance.php(109): Illuminate/Pipeline/Pipeline->Illuminate/Pipeline/{closure}(Object(Illuminate/Http/Request))
#34 C:/Users/josec/OneDrive/Escritorio/Aplicacion_web/Genesis_profesional/vendor/laravel/framework/src/Illuminate/Pipeline/Pipeline.php(219): Illuminate/Foundation/Http/Middleware/PreventRequestsDuringMaintenance->handle(Object(Illuminate/Http/Request), Object(Closure))
#35 C:/Users/josec/OneDrive/Escritorio/Aplicacion_web/Genesis_profesional/vendor/laravel/framework/src/Illuminate/Http/Middleware/HandleCors.php(74): Illuminate/Pipeline/Pipeline->Illuminate/Pipeline/{closure}(Object(Illuminate/Http/Request))
#36 C:/Users/josec/OneDrive/Escritorio/Aplicacion_web/Genesis_profesional/vendor/laravel/framework/src/Illuminate/Pipeline/Pipeline.php(219): Illuminate/Http/Middleware/HandleCors->handle(Object(Illuminate/Http/Request), Object(Closure))
#37 C:/Users/josec/OneDrive/Escritorio/Aplicacion_web/Genesis_profesional/vendor/laravel/framework/src/Illuminate/Http/Middleware/TrustProxies.php(58): Illuminate/Pipeline/Pipeline->Illuminate/Pipeline/{closure}(Object(Illuminate/Http/Request))
#38 C:/Users/josec/OneDrive/Escritorio/Aplicacion_web/Genesis_profesional/vendor/laravel/framework/src/Illuminate/Pipeline/Pipeline.php(219): Illuminate/Http/Middleware/TrustProxies->handle(Object(Illuminate/Http/Request), Object(Closure))
#39 C:/Users/josec/OneDrive/Escritorio/Aplicacion_web/Genesis_profesional/vendor/laravel/framework/src/Illuminate/Foundation/Http/Middleware/InvokeDeferredCallbacks.php(22): Illuminate/Pipeline/Pipeline->Illuminate/Pipeline/{closure}(Object(Illuminate/Http/Request))
#40 C:/Users/josec/OneDrive/Escritorio/Aplicacion_web/Genesis_profesional/vendor/laravel/framework/src/Illuminate/Pipeline/Pipeline.php(219): Illuminate/Foundation/Http/Middleware/InvokeDeferredCallbacks->handle(Object(Illuminate/Http/Request), Object(Closure))
#41 C:/Users/josec/OneDrive/Escritorio/Aplicacion_web/Genesis_profesional/vendor/laravel/framework/src/Illuminate/Http/Middleware/ValidatePathEncoding.php(26): Illuminate/Pipeline/Pipeline->Illuminate/Pipeline/{closure}(Object(Illuminate/Http/Request))
#42 C:/Users/josec/OneDrive/Escritorio/Aplicacion_web/Genesis_profesional/vendor/laravel/framework/src/Illuminate/Pipeline/Pipeline.php(219): Illuminate/Http/Middleware/ValidatePathEncoding->handle(Object(Illuminate/Http/Request), Object(Closure))
#43 C:/Users/josec/OneDrive/Escritorio/Aplicacion_web/Genesis_profesional/vendor/laravel/framework/src/Illuminate/Pipeline/Pipeline.php(137): Illuminate/Pipeline/Pipeline->Illuminate/Pipeline/{closure}(Object(Illuminate/Http/Request))
#44 C:/Users/josec/OneDrive/Escritorio/Aplicacion_web/Genesis_profesional/vendor/laravel/framework/src/Illuminate/Foundation/Http/Kernel.php(175): Illuminate/Pipeline/Pipeline->then(Object(Closure))
#45 C:/Users/josec/OneDrive/Escritorio/Aplicacion_web/Genesis_profesional/vendor/laravel/framework/src/Illuminate/Foundation/Http/Kernel.php(144): Illuminate/Foundation/Http/Kernel->sendRequestThroughRouter(Object(Illuminate/Http/Request))
#46 C:/Users/josec/OneDrive/Escritorio/Aplicacion_web/Genesis_profesional/vendor/laravel/framework/src/Illuminate/Foundation/Application.php(1220): Illuminate/Foundation/Http/Kernel->handle(Object(Illuminate/Http/Request))
#47 C:/Users/josec/OneDrive/Escritorio/Aplicacion_web/Genesis_profesional/public/index.php(20): Illuminate/Foundation/Application->handleRequest(Object(Illuminate/Http/Request))
#48 C:/Users/josec/OneDrive/Escritorio/Aplicacion_web/Genesis_profesional/vendor/laravel/framework/src/Illuminate/Foundation/resources/server.php(23): require_once('C://Users//josec//...')
#49 {main}
"} 
[2026-06-18 07:52:37] local.ERROR: SQLSTATE[23000]: Integrity constraint violation: 19 NOT NULL constraint failed: pasantes.horas_aprobadas (Connection: sqlite, Database: C:\Users\josec\OneDrive\Escritorio\Aplicacion_web\Genesis_profesional\database\database.sqlite, SQL: insert into "pasantes" ("usuario_id", "area", "tipo_pasantia", "estado", "fase_actual", "supervisor_id", "created_at", "updated_at") values (1, Ingeniería en Sistemas, interna, en_proceso, F1, 1, 2026-06-18 07:52:37, 2026-06-18 07:52:37)) {"exception":"[object] (Illuminate\\Database\\QueryException(code: 23000): SQLSTATE[23000]: Integrity constraint violation: 19 NOT NULL constraint failed: pasantes.horas_aprobadas (Connection: sqlite, Database: C:\\Users\\josec\\OneDrive\\Escritorio\\Aplicacion_web\\Genesis_profesional\\database\\database.sqlite, SQL: insert into \"pasantes\" (\"usuario_id\", \"area\", \"tipo_pasantia\", \"estado\", \"fase_actual\", \"supervisor_id\", \"created_at\", \"updated_at\") values (1, Ingeniería en Sistemas, interna, en_proceso, F1, 1, 2026-06-18 07:52:37, 2026-06-18 07:52:37)) at C:/Users/josec/OneDrive/Escritorio/Aplicacion_web/Genesis_profesional/vendor/laravel/framework/src/Illuminate/Database/Connection.php:838)
[stacktrace]
#0 C:/Users/josec/OneDrive/Escritorio/Aplicacion_web/Genesis_profesional/vendor/laravel/framework/src/Illuminate/Database/Connection.php(794): Illuminate/Database/Connection->runQueryCallback('insert into \"pa...', Array, Object(Closure))
#1 C:/Users/josec/OneDrive/Escritorio/Aplicacion_web/Genesis_profesional/vendor/laravel/framework/src/Illuminate/Database/Connection.php(573): Illuminate/Database/Connection->run('insert into \"pa...', Array, Object(Closure))
#2 C:/Users/josec/OneDrive/Escritorio/Aplicacion_web/Genesis_profesional/vendor/laravel/framework/src/Illuminate/Database/Connection.php(537): Illuminate/Database/Connection->statement('insert into \"pa...', Array)
#3 C:/Users/josec/OneDrive/Escritorio/Aplicacion_web/Genesis_profesional/vendor/laravel/framework/src/Illuminate/Database/Query/Builder.php(4121): Illuminate/Database/Connection->insert('insert into \"pa...', Array)
#4 C:/Users/josec/OneDrive/Escritorio/Aplicacion_web/Genesis_profesional/database/seeders/DatabaseSeeder.php(89): Illuminate/Database/Query/Builder->insert(Array)
#5 C:/Users/josec/OneDrive/Escritorio/Aplicacion_web/Genesis_profesional/vendor/laravel/framework/src/Illuminate/Container/BoundMethod.php(36): Database/Seeders/DatabaseSeeder->run()
#6 C:/Users/josec/OneDrive/Escritorio/Aplicacion_web/Genesis_profesional/vendor/laravel/framework/src/Illuminate/Container/Util.php(43): Illuminate/Container/BoundMethod::Illuminate/Container/{closure}()
#7 C:/Users/josec/OneDrive/Escritorio/Aplicacion_web/Genesis_profesional/vendor/laravel/framework/src/Illuminate/Container/BoundMethod.php(96): Illuminate/Container/Util::unwrapIfClosure(Object(Closure))
#8 C:/Users/josec/OneDrive/Escritorio/Aplicacion_web/Genesis_profesional/vendor/laravel/framework/src/Illuminate/Container/BoundMethod.php(35): Illuminate/Container/BoundMethod::callBoundMethod(Object(Illuminate/Foundation/Application), Array, Object(Closure))
#9 C:/Users/josec/OneDrive/Escritorio/Aplicacion_web/Genesis_profesional/vendor/laravel/framework/src/Illuminate/Container/Container.php(799): Illuminate/Container/BoundMethod::call(Object(Illuminate/Foundation/Application), Array, Array, NULL)
#10 C:/Users/josec/OneDrive/Escritorio/Aplicacion_web/Genesis_profesional/vendor/laravel/framework/src/Illuminate/Database/Seeder.php(184): Illuminate/Container/Container->call(Array, Array)
#11 C:/Users/josec/OneDrive/Escritorio/Aplicacion_web/Genesis_profesional/vendor/laravel/framework/src/Illuminate/Database/Seeder.php(193): Illuminate/Database/Seeder->Illuminate/Database/{closure}()
#12 C:/Users/josec/OneDrive/Escritorio/Aplicacion_web/Genesis_profesional/vendor/laravel/framework/src/Illuminate/Database/Console/Seeds/SeedCommand.php(71): Illuminate/Database/Seeder->__invoke()
#13 C:/Users/josec/OneDrive/Escritorio/Aplicacion_web/Genesis_profesional/vendor/laravel/framework/src/Illuminate/Database/Eloquent/Concerns/GuardsAttributes.php(157): Illuminate/Database/Console/Seeds/SeedCommand->Illuminate/Database/Console/Seeds/{closure}()
#14 C:/Users/josec/OneDrive/Escritorio/Aplicacion_web/Genesis_profesional/vendor/laravel/framework/src/Illuminate/Database/Console/Seeds/SeedCommand.php(70): Illuminate/Database/Eloquent/Model::unguarded(Object(Closure))
#15 C:/Users/josec/OneDrive/Escritorio/Aplicacion_web/Genesis_profesional/vendor/laravel/framework/src/Illuminate/Container/BoundMethod.php(36): Illuminate/Database/Console/Seeds/SeedCommand->handle()
#16 C:/Users/josec/OneDrive/Escritorio/Aplicacion_web/Genesis_profesional/vendor/laravel/framework/src/Illuminate/Container/Util.php(43): Illuminate/Container/BoundMethod::Illuminate/Container/{closure}()
#17 C:/Users/josec/OneDrive/Escritorio/Aplicacion_web/Genesis_profesional/vendor/laravel/framework/src/Illuminate/Container/BoundMethod.php(96): Illuminate/Container/Util::unwrapIfClosure(Object(Closure))
#18 C:/Users/josec/OneDrive/Escritorio/Aplicacion_web/Genesis_profesional/vendor/laravel/framework/src/Illuminate/Container/BoundMethod.php(35): Illuminate/Container/BoundMethod::callBoundMethod(Object(Illuminate/Foundation/Application), Array, Object(Closure))
#19 C:/Users/josec/OneDrive/Escritorio/Aplicacion_web/Genesis_profesional/vendor/laravel/framework/src/Illuminate/Container/Container.php(799): Illuminate/Container/BoundMethod::call(Object(Illuminate/Foundation/Application), Array, Array, NULL)
#20 C:/Users/josec/OneDrive/Escritorio/Aplicacion_web/Genesis_profesional/vendor/laravel/framework/src/Illuminate/Console/Command.php(211): Illuminate/Container/Container->call(Array)
#21 C:/Users/josec/OneDrive/Escritorio/Aplicacion_web/Genesis_profesional/vendor/symfony/console/Command/Command.php(341): Illuminate/Console/Command->execute(Object(Symfony/Component/Console/Input/ArgvInput), Object(Illuminate/Console/OutputStyle))
#22 C:/Users/josec/OneDrive/Escritorio/Aplicacion_web/Genesis_profesional/vendor/laravel/framework/src/Illuminate/Console/Command.php(180): Symfony/Component/Console/Command/Command->run(Object(Symfony/Component/Console/Input/ArgvInput), Object(Illuminate/Console/OutputStyle))
#23 C:/Users/josec/OneDrive/Escritorio/Aplicacion_web/Genesis_profesional/vendor/symfony/console/Application.php(1117): Illuminate/Console/Command->run(Object(Symfony/Component/Console/Input/ArgvInput), Object(Symfony/Component/Console/Output/ConsoleOutput))
#24 C:/Users/josec/OneDrive/Escritorio/Aplicacion_web/Genesis_profesional/vendor/symfony/console/Application.php(356): Symfony/Component/Console/Application->doRunCommand(Object(Illuminate/Database/Console/Seeds/SeedCommand), Object(Symfony/Component/Console/Input/ArgvInput), Object(Symfony/Component/Console/Output/ConsoleOutput))
#25 C:/Users/josec/OneDrive/Escritorio/Aplicacion_web/Genesis_profesional/vendor/symfony/console/Application.php(195): Symfony/Component/Console/Application->doRun(Object(Symfony/Component/Console/Input/ArgvInput), Object(Symfony/Component/Console/Output/ConsoleOutput))
#26 C:/Users/josec/OneDrive/Escritorio/Aplicacion_web/Genesis_profesional/vendor/laravel/framework/src/Illuminate/Foundation/Console/Kernel.php(198): Symfony/Component/Console/Application->run(Object(Symfony/Component/Console/Input/ArgvInput), Object(Symfony/Component/Console/Output/ConsoleOutput))
#27 C:/Users/josec/OneDrive/Escritorio/Aplicacion_web/Genesis_profesional/vendor/laravel/framework/src/Illuminate/Foundation/Application.php(1235): Illuminate/Foundation/Console/Kernel->handle(Object(Symfony/Component/Console/Input/ArgvInput), Object(Symfony/Component/Console/Output/ConsoleOutput))
#28 C:/Users/josec/OneDrive/Escritorio/Aplicacion_web/Genesis_profesional/artisan(16): Illuminate/Foundation/Application->handleCommand(Object(Symfony/Component/Console/Input/ArgvInput))
#29 {main}

[previous exception] [object] (PDOException(code: 23000): SQLSTATE[23000]: Integrity constraint violation: 19 NOT NULL constraint failed: pasantes.horas_aprobadas at C:/Users/josec/OneDrive/Escritorio/Aplicacion_web/Genesis_profesional/vendor/laravel/framework/src/Illuminate/Database/Connection.php:584)
[stacktrace]
#0 C:/Users/josec/OneDrive/Escritorio/Aplicacion_web/Genesis_profesional/vendor/laravel/framework/src/Illuminate/Database/Connection.php(584): PDOStatement->execute()
#1 C:/Users/josec/OneDrive/Escritorio/Aplicacion_web/Genesis_profesional/vendor/laravel/framework/src/Illuminate/Database/Connection.php(827): Illuminate/Database/Connection->Illuminate/Database/{closure}('insert into \"pa...', Array)
#2 C:/Users/josec/OneDrive/Escritorio/Aplicacion_web/Genesis_profesional/vendor/laravel/framework/src/Illuminate/Database/Connection.php(794): Illuminate/Database/Connection->runQueryCallback('insert into \"pa...', Array, Object(Closure))
#3 C:/Users/josec/OneDrive/Escritorio/Aplicacion_web/Genesis_profesional/vendor/laravel/framework/src/Illuminate/Database/Connection.php(573): Illuminate/Database/Connection->run('insert into \"pa...', Array, Object(Closure))
#4 C:/Users/josec/OneDrive/Escritorio/Aplicacion_web/Genesis_profesional/vendor/laravel/framework/src/Illuminate/Database/Connection.php(537): Illuminate/Database/Connection->statement('insert into \"pa...', Array)
#5 C:/Users/josec/OneDrive/Escritorio/Aplicacion_web/Genesis_profesional/vendor/laravel/framework/src/Illuminate/Database/Query/Builder.php(4121): Illuminate/Database/Connection->insert('insert into \"pa...', Array)
#6 C:/Users/josec/OneDrive/Escritorio/Aplicacion_web/Genesis_profesional/database/seeders/DatabaseSeeder.php(89): Illuminate/Database/Query/Builder->insert(Array)
#7 C:/Users/josec/OneDrive/Escritorio/Aplicacion_web/Genesis_profesional/vendor/laravel/framework/src/Illuminate/Container/BoundMethod.php(36): Database/Seeders/DatabaseSeeder->run()
#8 C:/Users/josec/OneDrive/Escritorio/Aplicacion_web/Genesis_profesional/vendor/laravel/framework/src/Illuminate/Container/Util.php(43): Illuminate/Container/BoundMethod::Illuminate/Container/{closure}()
#9 C:/Users/josec/OneDrive/Escritorio/Aplicacion_web/Genesis_profesional/vendor/laravel/framework/src/Illuminate/Container/BoundMethod.php(96): Illuminate/Container/Util::unwrapIfClosure(Object(Closure))
#10 C:/Users/josec/OneDrive/Escritorio/Aplicacion_web/Genesis_profesional/vendor/laravel/framework/src/Illuminate/Container/BoundMethod.php(35): Illuminate/Container/BoundMethod::callBoundMethod(Object(Illuminate/Foundation/Application), Array, Object(Closure))
#11 C:/Users/josec/OneDrive/Escritorio/Aplicacion_web/Genesis_profesional/vendor/laravel/framework/src/Illuminate/Container/Container.php(799): Illuminate/Container/BoundMethod::call(Object(Illuminate/Foundation/Application), Array, Array, NULL)
#12 C:/Users/josec/OneDrive/Escritorio/Aplicacion_web/Genesis_profesional/vendor/laravel/framework/src/Illuminate/Database/Seeder.php(184): Illuminate/Container/Container->call(Array, Array)
#13 C:/Users/josec/OneDrive/Escritorio/Aplicacion_web/Genesis_profesional/vendor/laravel/framework/src/Illuminate/Database/Seeder.php(193): Illuminate/Database/Seeder->Illuminate/Database/{closure}()
#14 C:/Users/josec/OneDrive/Escritorio/Aplicacion_web/Genesis_profesional/vendor/laravel/framework/src/Illuminate/Database/Console/Seeds/SeedCommand.php(71): Illuminate/Database/Seeder->__invoke()
#15 C:/Users/josec/OneDrive/Escritorio/Aplicacion_web/Genesis_profesional/vendor/laravel/framework/src/Illuminate/Database/Eloquent/Concerns/GuardsAttributes.php(157): Illuminate/Database/Console/Seeds/SeedCommand->Illuminate/Database/Console/Seeds/{closure}()
#16 C:/Users/josec/OneDrive/Escritorio/Aplicacion_web/Genesis_profesional/vendor/laravel/framework/src/Illuminate/Database/Console/Seeds/SeedCommand.php(70): Illuminate/Database/Eloquent/Model::unguarded(Object(Closure))
#17 C:/Users/josec/OneDrive/Escritorio/Aplicacion_web/Genesis_profesional/vendor/laravel/framework/src/Illuminate/Container/BoundMethod.php(36): Illuminate/Database/Console/Seeds/SeedCommand->handle()
#18 C:/Users/josec/OneDrive/Escritorio/Aplicacion_web/Genesis_profesional/vendor/laravel/framework/src/Illuminate/Container/Util.php(43): Illuminate/Container/BoundMethod::Illuminate/Container/{closure}()
#19 C:/Users/josec/OneDrive/Escritorio/Aplicacion_web/Genesis_profesional/vendor/laravel/framework/src/Illuminate/Container/BoundMethod.php(96): Illuminate/Container/Util::unwrapIfClosure(Object(Closure))
#20 C:/Users/josec/OneDrive/Escritorio/Aplicacion_web/Genesis_profesional/vendor/laravel/framework/src/Illuminate/Container/BoundMethod.php(35): Illuminate/Container/BoundMethod::callBoundMethod(Object(Illuminate/Foundation/Application), Array, Object(Closure))
#21 C:/Users/josec/OneDrive/Escritorio/Aplicacion_web/Genesis_profesional/vendor/laravel/framework/src/Illuminate/Container/Container.php(799): Illuminate/Container/BoundMethod::call(Object(Illuminate/Foundation/Application), Array, Array, NULL)
#22 C:/Users/josec/OneDrive/Escritorio/Aplicacion_web/Genesis_profesional/vendor/laravel/framework/src/Illuminate/Console/Command.php(211): Illuminate/Container/Container->call(Array)
#23 C:/Users/josec/OneDrive/Escritorio/Aplicacion_web/Genesis_profesional/vendor/symfony/console/Command/Command.php(341): Illuminate/Console/Command->execute(Object(Symfony/Component/Console/Input/ArgvInput), Object(Illuminate/Console/OutputStyle))
#24 C:/Users/josec/OneDrive/Escritorio/Aplicacion_web/Genesis_profesional/vendor/laravel/framework/src/Illuminate/Console/Command.php(180): Symfony/Component/Console/Command/Command->run(Object(Symfony/Component/Console/Input/ArgvInput), Object(Illuminate/Console/OutputStyle))
#25 C:/Users/josec/OneDrive/Escritorio/Aplicacion_web/Genesis_profesional/vendor/symfony/console/Application.php(1117): Illuminate/Console/Command->run(Object(Symfony/Component/Console/Input/ArgvInput), Object(Symfony/Component/Console/Output/ConsoleOutput))
#26 C:/Users/josec/OneDrive/Escritorio/Aplicacion_web/Genesis_profesional/vendor/symfony/console/Application.php(356): Symfony/Component/Console/Application->doRunCommand(Object(Illuminate/Database/Console/Seeds/SeedCommand), Object(Symfony/Component/Console/Input/ArgvInput), Object(Symfony/Component/Console/Output/ConsoleOutput))
#27 C:/Users/josec/OneDrive/Escritorio/Aplicacion_web/Genesis_profesional/vendor/symfony/console/Application.php(195): Symfony/Component/Console/Application->doRun(Object(Symfony/Component/Console/Input/ArgvInput), Object(Symfony/Component/Console/Output/ConsoleOutput))
#28 C:/Users/josec/OneDrive/Escritorio/Aplicacion_web/Genesis_profesional/vendor/laravel/framework/src/Illuminate/Foundation/Console/Kernel.php(198): Symfony/Component/Console/Application->run(Object(Symfony/Component/Console/Input/ArgvInput), Object(Symfony/Component/Console/Output/ConsoleOutput))
#29 C:/Users/josec/OneDrive/Escritorio/Aplicacion_web/Genesis_profesional/vendor/laravel/framework/src/Illuminate/Foundation/Application.php(1235): Illuminate/Foundation/Console/Kernel->handle(Object(Symfony/Component/Console/Input/ArgvInput), Object(Symfony/Component/Console/Output/ConsoleOutput))
#30 C:/Users/josec/OneDrive/Escritorio/Aplicacion_web/Genesis_profesional/artisan(16): Illuminate/Foundation/Application->handleCommand(Object(Symfony/Component/Console/Input/ArgvInput))
#31 {main}
"} 
[2026-06-18 07:54:42] local.ERROR: Class "App\Models\PersonalAdministrativo" not found {"exception":"[object] (Error(code: 0): Class \"App\\Models\\PersonalAdministrativo\" not found at C:/Users/josec/OneDrive/Escritorio/Aplicacion_web/Genesis_profesional/app/Http/Controllers/AuthController.php:51)
[stacktrace]
#0 C:/Users/josec/OneDrive/Escritorio/Aplicacion_web/Genesis_profesional/vendor/laravel/framework/src/Illuminate/Routing/ControllerDispatcher.php(46): App/Http/Controllers/AuthController->login(Object(Illuminate/Http/Request))
#1 C:/Users/josec/OneDrive/Escritorio/Aplicacion_web/Genesis_profesional/vendor/laravel/framework/src/Illuminate/Routing/Route.php(265): Illuminate/Routing/ControllerDispatcher->dispatch(Object(Illuminate/Routing/Route), Object(App/Http/Controllers/AuthController), 'login')
#2 C:/Users/josec/OneDrive/Escritorio/Aplicacion_web/Genesis_profesional/vendor/laravel/framework/src/Illuminate/Routing/Route.php(211): Illuminate/Routing/Route->runController()
#3 C:/Users/josec/OneDrive/Escritorio/Aplicacion_web/Genesis_profesional/vendor/laravel/framework/src/Illuminate/Routing/Router.php(822): Illuminate/Routing/Route->run()
#4 C:/Users/josec/OneDrive/Escritorio/Aplicacion_web/Genesis_profesional/vendor/laravel/framework/src/Illuminate/Pipeline/Pipeline.php(180): Illuminate/Routing/Router->Illuminate/Routing/{closure}(Object(Illuminate/Http/Request))
#5 C:/Users/josec/OneDrive/Escritorio/Aplicacion_web/Genesis_profesional/vendor/laravel/framework/src/Illuminate/Routing/Middleware/SubstituteBindings.php(50): Illuminate/Pipeline/Pipeline->Illuminate/Pipeline/{closure}(Object(Illuminate/Http/Request))
#6 C:/Users/josec/OneDrive/Escritorio/Aplicacion_web/Genesis_profesional/vendor/laravel/framework/src/Illuminate/Pipeline/Pipeline.php(219): Illuminate/Routing/Middleware/SubstituteBindings->handle(Object(Illuminate/Http/Request), Object(Closure))
#7 C:/Users/josec/OneDrive/Escritorio/Aplicacion_web/Genesis_profesional/vendor/laravel/framework/src/Illuminate/Foundation/Http/Middleware/VerifyCsrfToken.php(87): Illuminate/Pipeline/Pipeline->Illuminate/Pipeline/{closure}(Object(Illuminate/Http/Request))
#8 C:/Users/josec/OneDrive/Escritorio/Aplicacion_web/Genesis_profesional/vendor/laravel/framework/src/Illuminate/Pipeline/Pipeline.php(219): Illuminate/Foundation/Http/Middleware/VerifyCsrfToken->handle(Object(Illuminate/Http/Request), Object(Closure))
#9 C:/Users/josec/OneDrive/Escritorio/Aplicacion_web/Genesis_profesional/vendor/laravel/framework/src/Illuminate/View/Middleware/ShareErrorsFromSession.php(48): Illuminate/Pipeline/Pipeline->Illuminate/Pipeline/{closure}(Object(Illuminate/Http/Request))
#10 C:/Users/josec/OneDrive/Escritorio/Aplicacion_web/Genesis_profesional/vendor/laravel/framework/src/Illuminate/Pipeline/Pipeline.php(219): Illuminate/View/Middleware/ShareErrorsFromSession->handle(Object(Illuminate/Http/Request), Object(Closure))
#11 C:/Users/josec/OneDrive/Escritorio/Aplicacion_web/Genesis_profesional/vendor/laravel/framework/src/Illuminate/Session/Middleware/StartSession.php(120): Illuminate/Pipeline/Pipeline->Illuminate/Pipeline/{closure}(Object(Illuminate/Http/Request))
#12 C:/Users/josec/OneDrive/Escritorio/Aplicacion_web/Genesis_profesional/vendor/laravel/framework/src/Illuminate/Session/Middleware/StartSession.php(63): Illuminate/Session/Middleware/StartSession->handleStatefulRequest(Object(Illuminate/Http/Request), Object(Illuminate/Session/Store), Object(Closure))
#13 C:/Users/josec/OneDrive/Escritorio/Aplicacion_web/Genesis_profesional/vendor/laravel/framework/src/Illuminate/Pipeline/Pipeline.php(219): Illuminate/Session/Middleware/StartSession->handle(Object(Illuminate/Http/Request), Object(Closure))
#14 C:/Users/josec/OneDrive/Escritorio/Aplicacion_web/Genesis_profesional/vendor/laravel/framework/src/Illuminate/Cookie/Middleware/AddQueuedCookiesToResponse.php(36): Illuminate/Pipeline/Pipeline->Illuminate/Pipeline/{closure}(Object(Illuminate/Http/Request))
#15 C:/Users/josec/OneDrive/Escritorio/Aplicacion_web/Genesis_profesional/vendor/laravel/framework/src/Illuminate/Pipeline/Pipeline.php(219): Illuminate/Cookie/Middleware/AddQueuedCookiesToResponse->handle(Object(Illuminate/Http/Request), Object(Closure))
#16 C:/Users/josec/OneDrive/Escritorio/Aplicacion_web/Genesis_profesional/vendor/laravel/framework/src/Illuminate/Cookie/Middleware/EncryptCookies.php(74): Illuminate/Pipeline/Pipeline->Illuminate/Pipeline/{closure}(Object(Illuminate/Http/Request))
#17 C:/Users/josec/OneDrive/Escritorio/Aplicacion_web/Genesis_profesional/vendor/laravel/framework/src/Illuminate/Pipeline/Pipeline.php(219): Illuminate/Cookie/Middleware/EncryptCookies->handle(Object(Illuminate/Http/Request), Object(Closure))
#18 C:/Users/josec/OneDrive/Escritorio/Aplicacion_web/Genesis_profesional/vendor/laravel/framework/src/Illuminate/Pipeline/Pipeline.php(137): Illuminate/Pipeline/Pipeline->Illuminate/Pipeline/{closure}(Object(Illuminate/Http/Request))
#19 C:/Users/josec/OneDrive/Escritorio/Aplicacion_web/Genesis_profesional/vendor/laravel/framework/src/Illuminate/Routing/Router.php(821): Illuminate/Pipeline/Pipeline->then(Object(Closure))
#20 C:/Users/josec/OneDrive/Escritorio/Aplicacion_web/Genesis_profesional/vendor/laravel/framework/src/Illuminate/Routing/Router.php(800): Illuminate/Routing/Router->runRouteWithinStack(Object(Illuminate/Routing/Route), Object(Illuminate/Http/Request))
#21 C:/Users/josec/OneDrive/Escritorio/Aplicacion_web/Genesis_profesional/vendor/laravel/framework/src/Illuminate/Routing/Router.php(764): Illuminate/Routing/Router->runRoute(Object(Illuminate/Http/Request), Object(Illuminate/Routing/Route))
#22 C:/Users/josec/OneDrive/Escritorio/Aplicacion_web/Genesis_profesional/vendor/laravel/framework/src/Illuminate/Routing/Router.php(753): Illuminate/Routing/Router->dispatchToRoute(Object(Illuminate/Http/Request))
#23 C:/Users/josec/OneDrive/Escritorio/Aplicacion_web/Genesis_profesional/vendor/laravel/framework/src/Illuminate/Foundation/Http/Kernel.php(200): Illuminate/Routing/Router->dispatch(Object(Illuminate/Http/Request))
#24 C:/Users/josec/OneDrive/Escritorio/Aplicacion_web/Genesis_profesional/vendor/laravel/framework/src/Illuminate/Pipeline/Pipeline.php(180): Illuminate/Foundation/Http/Kernel->Illuminate/Foundation/Http/{closure}(Object(Illuminate/Http/Request))
#25 C:/Users/josec/OneDrive/Escritorio/Aplicacion_web/Genesis_profesional/vendor/laravel/framework/src/Illuminate/Foundation/Http/Middleware/TransformsRequest.php(21): Illuminate/Pipeline/Pipeline->Illuminate/Pipeline/{closure}(Object(Illuminate/Http/Request))
#26 C:/Users/josec/OneDrive/Escritorio/Aplicacion_web/Genesis_profesional/vendor/laravel/framework/src/Illuminate/Foundation/Http/Middleware/ConvertEmptyStringsToNull.php(31): Illuminate/Foundation/Http/Middleware/TransformsRequest->handle(Object(Illuminate/Http/Request), Object(Closure))
#27 C:/Users/josec/OneDrive/Escritorio/Aplicacion_web/Genesis_profesional/vendor/laravel/framework/src/Illuminate/Pipeline/Pipeline.php(219): Illuminate/Foundation/Http/Middleware/ConvertEmptyStringsToNull->handle(Object(Illuminate/Http/Request), Object(Closure))
#28 C:/Users/josec/OneDrive/Escritorio/Aplicacion_web/Genesis_profesional/vendor/laravel/framework/src/Illuminate/Foundation/Http/Middleware/TransformsRequest.php(21): Illuminate/Pipeline/Pipeline->Illuminate/Pipeline/{closure}(Object(Illuminate/Http/Request))
#29 C:/Users/josec/OneDrive/Escritorio/Aplicacion_web/Genesis_profesional/vendor/laravel/framework/src/Illuminate/Foundation/Http/Middleware/TrimStrings.php(51): Illuminate/Foundation/Http/Middleware/TransformsRequest->handle(Object(Illuminate/Http/Request), Object(Closure))
#30 C:/Users/josec/OneDrive/Escritorio/Aplicacion_web/Genesis_profesional/vendor/laravel/framework/src/Illuminate/Pipeline/Pipeline.php(219): Illuminate/Foundation/Http/Middleware/TrimStrings->handle(Object(Illuminate/Http/Request), Object(Closure))
#31 C:/Users/josec/OneDrive/Escritorio/Aplicacion_web/Genesis_profesional/vendor/laravel/framework/src/Illuminate/Http/Middleware/ValidatePostSize.php(27): Illuminate/Pipeline/Pipeline->Illuminate/Pipeline/{closure}(Object(Illuminate/Http/Request))
#32 C:/Users/josec/OneDrive/Escritorio/Aplicacion_web/Genesis_profesional/vendor/laravel/framework/src/Illuminate/Pipeline/Pipeline.php(219): Illuminate/Http/Middleware/ValidatePostSize->handle(Object(Illuminate/Http/Request), Object(Closure))
#33 C:/Users/josec/OneDrive/Escritorio/Aplicacion_web/Genesis_profesional/vendor/laravel/framework/src/Illuminate/Foundation/Http/Middleware/PreventRequestsDuringMaintenance.php(109): Illuminate/Pipeline/Pipeline->Illuminate/Pipeline/{closure}(Object(Illuminate/Http/Request))
#34 C:/Users/josec/OneDrive/Escritorio/Aplicacion_web/Genesis_profesional/vendor/laravel/framework/src/Illuminate/Pipeline/Pipeline.php(219): Illuminate/Foundation/Http/Middleware/PreventRequestsDuringMaintenance->handle(Object(Illuminate/Http/Request), Object(Closure))
#35 C:/Users/josec/OneDrive/Escritorio/Aplicacion_web/Genesis_profesional/vendor/laravel/framework/src/Illuminate/Http/Middleware/HandleCors.php(74): Illuminate/Pipeline/Pipeline->Illuminate/Pipeline/{closure}(Object(Illuminate/Http/Request))
#36 C:/Users/josec/OneDrive/Escritorio/Aplicacion_web/Genesis_profesional/vendor/laravel/framework/src/Illuminate/Pipeline/Pipeline.php(219): Illuminate/Http/Middleware/HandleCors->handle(Object(Illuminate/Http/Request), Object(Closure))
#37 C:/Users/josec/OneDrive/Escritorio/Aplicacion_web/Genesis_profesional/vendor/laravel/framework/src/Illuminate/Http/Middleware/TrustProxies.php(58): Illuminate/Pipeline/Pipeline->Illuminate/Pipeline/{closure}(Object(Illuminate/Http/Request))
#38 C:/Users/josec/OneDrive/Escritorio/Aplicacion_web/Genesis_profesional/vendor/laravel/framework/src/Illuminate/Pipeline/Pipeline.php(219): Illuminate/Http/Middleware/TrustProxies->handle(Object(Illuminate/Http/Request), Object(Closure))
#39 C:/Users/josec/OneDrive/Escritorio/Aplicacion_web/Genesis_profesional/vendor/laravel/framework/src/Illuminate/Foundation/Http/Middleware/InvokeDeferredCallbacks.php(22): Illuminate/Pipeline/Pipeline->Illuminate/Pipeline/{closure}(Object(Illuminate/Http/Request))
#40 C:/Users/josec/OneDrive/Escritorio/Aplicacion_web/Genesis_profesional/vendor/laravel/framework/src/Illuminate/Pipeline/Pipeline.php(219): Illuminate/Foundation/Http/Middleware/InvokeDeferredCallbacks->handle(Object(Illuminate/Http/Request), Object(Closure))
#41 C:/Users/josec/OneDrive/Escritorio/Aplicacion_web/Genesis_profesional/vendor/laravel/framework/src/Illuminate/Http/Middleware/ValidatePathEncoding.php(26): Illuminate/Pipeline/Pipeline->Illuminate/Pipeline/{closure}(Object(Illuminate/Http/Request))
#42 C:/Users/josec/OneDrive/Escritorio/Aplicacion_web/Genesis_profesional/vendor/laravel/framework/src/Illuminate/Pipeline/Pipeline.php(219): Illuminate/Http/Middleware/ValidatePathEncoding->handle(Object(Illuminate/Http/Request), Object(Closure))
#43 C:/Users/josec/OneDrive/Escritorio/Aplicacion_web/Genesis_profesional/vendor/laravel/framework/src/Illuminate/Pipeline/Pipeline.php(137): Illuminate/Pipeline/Pipeline->Illuminate/Pipeline/{closure}(Object(Illuminate/Http/Request))
#44 C:/Users/josec/OneDrive/Escritorio/Aplicacion_web/Genesis_profesional/vendor/laravel/framework/src/Illuminate/Foundation/Http/Kernel.php(175): Illuminate/Pipeline/Pipeline->then(Object(Closure))
#45 C:/Users/josec/OneDrive/Escritorio/Aplicacion_web/Genesis_profesional/vendor/laravel/framework/src/Illuminate/Foundation/Http/Kernel.php(144): Illuminate/Foundation/Http/Kernel->sendRequestThroughRouter(Object(Illuminate/Http/Request))
#46 C:/Users/josec/OneDrive/Escritorio/Aplicacion_web/Genesis_profesional/vendor/laravel/framework/src/Illuminate/Foundation/Application.php(1220): Illuminate/Foundation/Http/Kernel->handle(Object(Illuminate/Http/Request))
#47 C:/Users/josec/OneDrive/Escritorio/Aplicacion_web/Genesis_profesional/public/index.php(20): Illuminate/Foundation/Application->handleRequest(Object(Illuminate/Http/Request))
#48 C:/Users/josec/OneDrive/Escritorio/Aplicacion_web/Genesis_profesional/vendor/laravel/framework/src/Illuminate/Foundation/resources/server.php(23): require_once('C://Users//josec//...')
#49 {main}
"} 
[2026-06-18 07:55:00] local.ERROR: Class "App\Models\PersonalAdministrativo" not found {"exception":"[object] (Error(code: 0): Class \"App\\Models\\PersonalAdministrativo\" not found at C:/Users/josec/OneDrive/Escritorio/Aplicacion_web/Genesis_profesional/app/Http/Controllers/AuthController.php:51)
[stacktrace]
#0 C:/Users/josec/OneDrive/Escritorio/Aplicacion_web/Genesis_profesional/vendor/laravel/framework/src/Illuminate/Routing/ControllerDispatcher.php(46): App/Http/Controllers/AuthController->login(Object(Illuminate/Http/Request))
#1 C:/Users/josec/OneDrive/Escritorio/Aplicacion_web/Genesis_profesional/vendor/laravel/framework/src/Illuminate/Routing/Route.php(265): Illuminate/Routing/ControllerDispatcher->dispatch(Object(Illuminate/Routing/Route), Object(App/Http/Controllers/AuthController), 'login')
#2 C:/Users/josec/OneDrive/Escritorio/Aplicacion_web/Genesis_profesional/vendor/laravel/framework/src/Illuminate/Routing/Route.php(211): Illuminate/Routing/Route->runController()
#3 C:/Users/josec/OneDrive/Escritorio/Aplicacion_web/Genesis_profesional/vendor/laravel/framework/src/Illuminate/Routing/Router.php(822): Illuminate/Routing/Route->run()
#4 C:/Users/josec/OneDrive/Escritorio/Aplicacion_web/Genesis_profesional/vendor/laravel/framework/src/Illuminate/Pipeline/Pipeline.php(180): Illuminate/Routing/Router->Illuminate/Routing/{closure}(Object(Illuminate/Http/Request))
#5 C:/Users/josec/OneDrive/Escritorio/Aplicacion_web/Genesis_profesional/vendor/laravel/framework/src/Illuminate/Routing/Middleware/SubstituteBindings.php(50): Illuminate/Pipeline/Pipeline->Illuminate/Pipeline/{closure}(Object(Illuminate/Http/Request))
#6 C:/Users/josec/OneDrive/Escritorio/Aplicacion_web/Genesis_profesional/vendor/laravel/framework/src/Illuminate/Pipeline/Pipeline.php(219): Illuminate/Routing/Middleware/SubstituteBindings->handle(Object(Illuminate/Http/Request), Object(Closure))
#7 C:/Users/josec/OneDrive/Escritorio/Aplicacion_web/Genesis_profesional/vendor/laravel/framework/src/Illuminate/Foundation/Http/Middleware/VerifyCsrfToken.php(87): Illuminate/Pipeline/Pipeline->Illuminate/Pipeline/{closure}(Object(Illuminate/Http/Request))
#8 C:/Users/josec/OneDrive/Escritorio/Aplicacion_web/Genesis_profesional/vendor/laravel/framework/src/Illuminate/Pipeline/Pipeline.php(219): Illuminate/Foundation/Http/Middleware/VerifyCsrfToken->handle(Object(Illuminate/Http/Request), Object(Closure))
#9 C:/Users/josec/OneDrive/Escritorio/Aplicacion_web/Genesis_profesional/vendor/laravel/framework/src/Illuminate/View/Middleware/ShareErrorsFromSession.php(48): Illuminate/Pipeline/Pipeline->Illuminate/Pipeline/{closure}(Object(Illuminate/Http/Request))
#10 C:/Users/josec/OneDrive/Escritorio/Aplicacion_web/Genesis_profesional/vendor/laravel/framework/src/Illuminate/Pipeline/Pipeline.php(219): Illuminate/View/Middleware/ShareErrorsFromSession->handle(Object(Illuminate/Http/Request), Object(Closure))
#11 C:/Users/josec/OneDrive/Escritorio/Aplicacion_web/Genesis_profesional/vendor/laravel/framework/src/Illuminate/Session/Middleware/StartSession.php(120): Illuminate/Pipeline/Pipeline->Illuminate/Pipeline/{closure}(Object(Illuminate/Http/Request))
#12 C:/Users/josec/OneDrive/Escritorio/Aplicacion_web/Genesis_profesional/vendor/laravel/framework/src/Illuminate/Session/Middleware/StartSession.php(63): Illuminate/Session/Middleware/StartSession->handleStatefulRequest(Object(Illuminate/Http/Request), Object(Illuminate/Session/Store), Object(Closure))
#13 C:/Users/josec/OneDrive/Escritorio/Aplicacion_web/Genesis_profesional/vendor/laravel/framework/src/Illuminate/Pipeline/Pipeline.php(219): Illuminate/Session/Middleware/StartSession->handle(Object(Illuminate/Http/Request), Object(Closure))
#14 C:/Users/josec/OneDrive/Escritorio/Aplicacion_web/Genesis_profesional/vendor/laravel/framework/src/Illuminate/Cookie/Middleware/AddQueuedCookiesToResponse.php(36): Illuminate/Pipeline/Pipeline->Illuminate/Pipeline/{closure}(Object(Illuminate/Http/Request))
#15 C:/Users/josec/OneDrive/Escritorio/Aplicacion_web/Genesis_profesional/vendor/laravel/framework/src/Illuminate/Pipeline/Pipeline.php(219): Illuminate/Cookie/Middleware/AddQueuedCookiesToResponse->handle(Object(Illuminate/Http/Request), Object(Closure))
#16 C:/Users/josec/OneDrive/Escritorio/Aplicacion_web/Genesis_profesional/vendor/laravel/framework/src/Illuminate/Cookie/Middleware/EncryptCookies.php(74): Illuminate/Pipeline/Pipeline->Illuminate/Pipeline/{closure}(Object(Illuminate/Http/Request))
#17 C:/Users/josec/OneDrive/Escritorio/Aplicacion_web/Genesis_profesional/vendor/laravel/framework/src/Illuminate/Pipeline/Pipeline.php(219): Illuminate/Cookie/Middleware/EncryptCookies->handle(Object(Illuminate/Http/Request), Object(Closure))
#18 C:/Users/josec/OneDrive/Escritorio/Aplicacion_web/Genesis_profesional/vendor/laravel/framework/src/Illuminate/Pipeline/Pipeline.php(137): Illuminate/Pipeline/Pipeline->Illuminate/Pipeline/{closure}(Object(Illuminate/Http/Request))
#19 C:/Users/josec/OneDrive/Escritorio/Aplicacion_web/Genesis_profesional/vendor/laravel/framework/src/Illuminate/Routing/Router.php(821): Illuminate/Pipeline/Pipeline->then(Object(Closure))
#20 C:/Users/josec/OneDrive/Escritorio/Aplicacion_web/Genesis_profesional/vendor/laravel/framework/src/Illuminate/Routing/Router.php(800): Illuminate/Routing/Router->runRouteWithinStack(Object(Illuminate/Routing/Route), Object(Illuminate/Http/Request))
#21 C:/Users/josec/OneDrive/Escritorio/Aplicacion_web/Genesis_profesional/vendor/laravel/framework/src/Illuminate/Routing/Router.php(764): Illuminate/Routing/Router->runRoute(Object(Illuminate/Http/Request), Object(Illuminate/Routing/Route))
#22 C:/Users/josec/OneDrive/Escritorio/Aplicacion_web/Genesis_profesional/vendor/laravel/framework/src/Illuminate/Routing/Router.php(753): Illuminate/Routing/Router->dispatchToRoute(Object(Illuminate/Http/Request))
#23 C:/Users/josec/OneDrive/Escritorio/Aplicacion_web/Genesis_profesional/vendor/laravel/framework/src/Illuminate/Foundation/Http/Kernel.php(200): Illuminate/Routing/Router->dispatch(Object(Illuminate/Http/Request))
#24 C:/Users/josec/OneDrive/Escritorio/Aplicacion_web/Genesis_profesional/vendor/laravel/framework/src/Illuminate/Pipeline/Pipeline.php(180): Illuminate/Foundation/Http/Kernel->Illuminate/Foundation/Http/{closure}(Object(Illuminate/Http/Request))
#25 C:/Users/josec/OneDrive/Escritorio/Aplicacion_web/Genesis_profesional/vendor/laravel/framework/src/Illuminate/Foundation/Http/Middleware/TransformsRequest.php(21): Illuminate/Pipeline/Pipeline->Illuminate/Pipeline/{closure}(Object(Illuminate/Http/Request))
#26 C:/Users/josec/OneDrive/Escritorio/Aplicacion_web/Genesis_profesional/vendor/laravel/framework/src/Illuminate/Foundation/Http/Middleware/ConvertEmptyStringsToNull.php(31): Illuminate/Foundation/Http/Middleware/TransformsRequest->handle(Object(Illuminate/Http/Request), Object(Closure))
#27 C:/Users/josec/OneDrive/Escritorio/Aplicacion_web/Genesis_profesional/vendor/laravel/framework/src/Illuminate/Pipeline/Pipeline.php(219): Illuminate/Foundation/Http/Middleware/ConvertEmptyStringsToNull->handle(Object(Illuminate/Http/Request), Object(Closure))
#28 C:/Users/josec/OneDrive/Escritorio/Aplicacion_web/Genesis_profesional/vendor/laravel/framework/src/Illuminate/Foundation/Http/Middleware/TransformsRequest.php(21): Illuminate/Pipeline/Pipeline->Illuminate/Pipeline/{closure}(Object(Illuminate/Http/Request))
#29 C:/Users/josec/OneDrive/Escritorio/Aplicacion_web/Genesis_profesional/vendor/laravel/framework/src/Illuminate/Foundation/Http/Middleware/TrimStrings.php(51): Illuminate/Foundation/Http/Middleware/TransformsRequest->handle(Object(Illuminate/Http/Request), Object(Closure))
#30 C:/Users/josec/OneDrive/Escritorio/Aplicacion_web/Genesis_profesional/vendor/laravel/framework/src/Illuminate/Pipeline/Pipeline.php(219): Illuminate/Foundation/Http/Middleware/TrimStrings->handle(Object(Illuminate/Http/Request), Object(Closure))
#31 C:/Users/josec/OneDrive/Escritorio/Aplicacion_web/Genesis_profesional/vendor/laravel/framework/src/Illuminate/Http/Middleware/ValidatePostSize.php(27): Illuminate/Pipeline/Pipeline->Illuminate/Pipeline/{closure}(Object(Illuminate/Http/Request))
#32 C:/Users/josec/OneDrive/Escritorio/Aplicacion_web/Genesis_profesional/vendor/laravel/framework/src/Illuminate/Pipeline/Pipeline.php(219): Illuminate/Http/Middleware/ValidatePostSize->handle(Object(Illuminate/Http/Request), Object(Closure))
#33 C:/Users/josec/OneDrive/Escritorio/Aplicacion_web/Genesis_profesional/vendor/laravel/framework/src/Illuminate/Foundation/Http/Middleware/PreventRequestsDuringMaintenance.php(109): Illuminate/Pipeline/Pipeline->Illuminate/Pipeline/{closure}(Object(Illuminate/Http/Request))
#34 C:/Users/josec/OneDrive/Escritorio/Aplicacion_web/Genesis_profesional/vendor/laravel/framework/src/Illuminate/Pipeline/Pipeline.php(219): Illuminate/Foundation/Http/Middleware/PreventRequestsDuringMaintenance->handle(Object(Illuminate/Http/Request), Object(Closure))
#35 C:/Users/josec/OneDrive/Escritorio/Aplicacion_web/Genesis_profesional/vendor/laravel/framework/src/Illuminate/Http/Middleware/HandleCors.php(74): Illuminate/Pipeline/Pipeline->Illuminate/Pipeline/{closure}(Object(Illuminate/Http/Request))
#36 C:/Users/josec/OneDrive/Escritorio/Aplicacion_web/Genesis_profesional/vendor/laravel/framework/src/Illuminate/Pipeline/Pipeline.php(219): Illuminate/Http/Middleware/HandleCors->handle(Object(Illuminate/Http/Request), Object(Closure))
#37 C:/Users/josec/OneDrive/Escritorio/Aplicacion_web/Genesis_profesional/vendor/laravel/framework/src/Illuminate/Http/Middleware/TrustProxies.php(58): Illuminate/Pipeline/Pipeline->Illuminate/Pipeline/{closure}(Object(Illuminate/Http/Request))
#38 C:/Users/josec/OneDrive/Escritorio/Aplicacion_web/Genesis_profesional/vendor/laravel/framework/src/Illuminate/Pipeline/Pipeline.php(219): Illuminate/Http/Middleware/TrustProxies->handle(Object(Illuminate/Http/Request), Object(Closure))
#39 C:/Users/josec/OneDrive/Escritorio/Aplicacion_web/Genesis_profesional/vendor/laravel/framework/src/Illuminate/Foundation/Http/Middleware/InvokeDeferredCallbacks.php(22): Illuminate/Pipeline/Pipeline->Illuminate/Pipeline/{closure}(Object(Illuminate/Http/Request))
#40 C:/Users/josec/OneDrive/Escritorio/Aplicacion_web/Genesis_profesional/vendor/laravel/framework/src/Illuminate/Pipeline/Pipeline.php(219): Illuminate/Foundation/Http/Middleware/InvokeDeferredCallbacks->handle(Object(Illuminate/Http/Request), Object(Closure))
#41 C:/Users/josec/OneDrive/Escritorio/Aplicacion_web/Genesis_profesional/vendor/laravel/framework/src/Illuminate/Http/Middleware/ValidatePathEncoding.php(26): Illuminate/Pipeline/Pipeline->Illuminate/Pipeline/{closure}(Object(Illuminate/Http/Request))
#42 C:/Users/josec/OneDrive/Escritorio/Aplicacion_web/Genesis_profesional/vendor/laravel/framework/src/Illuminate/Pipeline/Pipeline.php(219): Illuminate/Http/Middleware/ValidatePathEncoding->handle(Object(Illuminate/Http/Request), Object(Closure))
#43 C:/Users/josec/OneDrive/Escritorio/Aplicacion_web/Genesis_profesional/vendor/laravel/framework/src/Illuminate/Pipeline/Pipeline.php(137): Illuminate/Pipeline/Pipeline->Illuminate/Pipeline/{closure}(Object(Illuminate/Http/Request))
#44 C:/Users/josec/OneDrive/Escritorio/Aplicacion_web/Genesis_profesional/vendor/laravel/framework/src/Illuminate/Foundation/Http/Kernel.php(175): Illuminate/Pipeline/Pipeline->then(Object(Closure))
#45 C:/Users/josec/OneDrive/Escritorio/Aplicacion_web/Genesis_profesional/vendor/laravel/framework/src/Illuminate/Foundation/Http/Kernel.php(144): Illuminate/Foundation/Http/Kernel->sendRequestThroughRouter(Object(Illuminate/Http/Request))
#46 C:/Users/josec/OneDrive/Escritorio/Aplicacion_web/Genesis_profesional/vendor/laravel/framework/src/Illuminate/Foundation/Application.php(1220): Illuminate/Foundation/Http/Kernel->handle(Object(Illuminate/Http/Request))
#47 C:/Users/josec/OneDrive/Escritorio/Aplicacion_web/Genesis_profesional/public/index.php(20): Illuminate/Foundation/Application->handleRequest(Object(Illuminate/Http/Request))
#48 C:/Users/josec/OneDrive/Escritorio/Aplicacion_web/Genesis_profesional/vendor/laravel/framework/src/Illuminate/Foundation/resources/server.php(23): require_once('C://Users//josec//...')
#49 {main}
"} 
[2026-06-18 07:59:36] local.ERROR: Class "App\Models\PersonalAdministrativo" not found {"exception":"[object] (Error(code: 0): Class \"App\\Models\\PersonalAdministrativo\" not found at C:/Users/josec/OneDrive/Escritorio/Aplicacion_web/Genesis_profesional/app/Http/Controllers/AuthController.php:51)
[stacktrace]
#0 C:/Users/josec/OneDrive/Escritorio/Aplicacion_web/Genesis_profesional/vendor/laravel/framework/src/Illuminate/Routing/ControllerDispatcher.php(46): App/Http/Controllers/AuthController->login(Object(Illuminate/Http/Request))
#1 C:/Users/josec/OneDrive/Escritorio/Aplicacion_web/Genesis_profesional/vendor/laravel/framework/src/Illuminate/Routing/Route.php(265): Illuminate/Routing/ControllerDispatcher->dispatch(Object(Illuminate/Routing/Route), Object(App/Http/Controllers/AuthController), 'login')
#2 C:/Users/josec/OneDrive/Escritorio/Aplicacion_web/Genesis_profesional/vendor/laravel/framework/src/Illuminate/Routing/Route.php(211): Illuminate/Routing/Route->runController()
#3 C:/Users/josec/OneDrive/Escritorio/Aplicacion_web/Genesis_profesional/vendor/laravel/framework/src/Illuminate/Routing/Router.php(822): Illuminate/Routing/Route->run()
#4 C:/Users/josec/OneDrive/Escritorio/Aplicacion_web/Genesis_profesional/vendor/laravel/framework/src/Illuminate/Pipeline/Pipeline.php(180): Illuminate/Routing/Router->Illuminate/Routing/{closure}(Object(Illuminate/Http/Request))
#5 C:/Users/josec/OneDrive/Escritorio/Aplicacion_web/Genesis_profesional/vendor/laravel/framework/src/Illuminate/Routing/Middleware/SubstituteBindings.php(50): Illuminate/Pipeline/Pipeline->Illuminate/Pipeline/{closure}(Object(Illuminate/Http/Request))
#6 C:/Users/josec/OneDrive/Escritorio/Aplicacion_web/Genesis_profesional/vendor/laravel/framework/src/Illuminate/Pipeline/Pipeline.php(219): Illuminate/Routing/Middleware/SubstituteBindings->handle(Object(Illuminate/Http/Request), Object(Closure))
#7 C:/Users/josec/OneDrive/Escritorio/Aplicacion_web/Genesis_profesional/vendor/laravel/framework/src/Illuminate/Foundation/Http/Middleware/VerifyCsrfToken.php(87): Illuminate/Pipeline/Pipeline->Illuminate/Pipeline/{closure}(Object(Illuminate/Http/Request))
#8 C:/Users/josec/OneDrive/Escritorio/Aplicacion_web/Genesis_profesional/vendor/laravel/framework/src/Illuminate/Pipeline/Pipeline.php(219): Illuminate/Foundation/Http/Middleware/VerifyCsrfToken->handle(Object(Illuminate/Http/Request), Object(Closure))
#9 C:/Users/josec/OneDrive/Escritorio/Aplicacion_web/Genesis_profesional/vendor/laravel/framework/src/Illuminate/View/Middleware/ShareErrorsFromSession.php(48): Illuminate/Pipeline/Pipeline->Illuminate/Pipeline/{closure}(Object(Illuminate/Http/Request))
#10 C:/Users/josec/OneDrive/Escritorio/Aplicacion_web/Genesis_profesional/vendor/laravel/framework/src/Illuminate/Pipeline/Pipeline.php(219): Illuminate/View/Middleware/ShareErrorsFromSession->handle(Object(Illuminate/Http/Request), Object(Closure))
#11 C:/Users/josec/OneDrive/Escritorio/Aplicacion_web/Genesis_profesional/vendor/laravel/framework/src/Illuminate/Session/Middleware/StartSession.php(120): Illuminate/Pipeline/Pipeline->Illuminate/Pipeline/{closure}(Object(Illuminate/Http/Request))
#12 C:/Users/josec/OneDrive/Escritorio/Aplicacion_web/Genesis_profesional/vendor/laravel/framework/src/Illuminate/Session/Middleware/StartSession.php(63): Illuminate/Session/Middleware/StartSession->handleStatefulRequest(Object(Illuminate/Http/Request), Object(Illuminate/Session/Store), Object(Closure))
#13 C:/Users/josec/OneDrive/Escritorio/Aplicacion_web/Genesis_profesional/vendor/laravel/framework/src/Illuminate/Pipeline/Pipeline.php(219): Illuminate/Session/Middleware/StartSession->handle(Object(Illuminate/Http/Request), Object(Closure))
#14 C:/Users/josec/OneDrive/Escritorio/Aplicacion_web/Genesis_profesional/vendor/laravel/framework/src/Illuminate/Cookie/Middleware/AddQueuedCookiesToResponse.php(36): Illuminate/Pipeline/Pipeline->Illuminate/Pipeline/{closure}(Object(Illuminate/Http/Request))
#15 C:/Users/josec/OneDrive/Escritorio/Aplicacion_web/Genesis_profesional/vendor/laravel/framework/src/Illuminate/Pipeline/Pipeline.php(219): Illuminate/Cookie/Middleware/AddQueuedCookiesToResponse->handle(Object(Illuminate/Http/Request), Object(Closure))
#16 C:/Users/josec/OneDrive/Escritorio/Aplicacion_web/Genesis_profesional/vendor/laravel/framework/src/Illuminate/Cookie/Middleware/EncryptCookies.php(74): Illuminate/Pipeline/Pipeline->Illuminate/Pipeline/{closure}(Object(Illuminate/Http/Request))
#17 C:/Users/josec/OneDrive/Escritorio/Aplicacion_web/Genesis_profesional/vendor/laravel/framework/src/Illuminate/Pipeline/Pipeline.php(219): Illuminate/Cookie/Middleware/EncryptCookies->handle(Object(Illuminate/Http/Request), Object(Closure))
#18 C:/Users/josec/OneDrive/Escritorio/Aplicacion_web/Genesis_profesional/vendor/laravel/framework/src/Illuminate/Pipeline/Pipeline.php(137): Illuminate/Pipeline/Pipeline->Illuminate/Pipeline/{closure}(Object(Illuminate/Http/Request))
#19 C:/Users/josec/OneDrive/Escritorio/Aplicacion_web/Genesis_profesional/vendor/laravel/framework/src/Illuminate/Routing/Router.php(821): Illuminate/Pipeline/Pipeline->then(Object(Closure))
#20 C:/Users/josec/OneDrive/Escritorio/Aplicacion_web/Genesis_profesional/vendor/laravel/framework/src/Illuminate/Routing/Router.php(800): Illuminate/Routing/Router->runRouteWithinStack(Object(Illuminate/Routing/Route), Object(Illuminate/Http/Request))
#21 C:/Users/josec/OneDrive/Escritorio/Aplicacion_web/Genesis_profesional/vendor/laravel/framework/src/Illuminate/Routing/Router.php(764): Illuminate/Routing/Router->runRoute(Object(Illuminate/Http/Request), Object(Illuminate/Routing/Route))
#22 C:/Users/josec/OneDrive/Escritorio/Aplicacion_web/Genesis_profesional/vendor/laravel/framework/src/Illuminate/Routing/Router.php(753): Illuminate/Routing/Router->dispatchToRoute(Object(Illuminate/Http/Request))
#23 C:/Users/josec/OneDrive/Escritorio/Aplicacion_web/Genesis_profesional/vendor/laravel/framework/src/Illuminate/Foundation/Http/Kernel.php(200): Illuminate/Routing/Router->dispatch(Object(Illuminate/Http/Request))
#24 C:/Users/josec/OneDrive/Escritorio/Aplicacion_web/Genesis_profesional/vendor/laravel/framework/src/Illuminate/Pipeline/Pipeline.php(180): Illuminate/Foundation/Http/Kernel->Illuminate/Foundation/Http/{closure}(Object(Illuminate/Http/Request))
#25 C:/Users/josec/OneDrive/Escritorio/Aplicacion_web/Genesis_profesional/vendor/laravel/framework/src/Illuminate/Foundation/Http/Middleware/TransformsRequest.php(21): Illuminate/Pipeline/Pipeline->Illuminate/Pipeline/{closure}(Object(Illuminate/Http/Request))
#26 C:/Users/josec/OneDrive/Escritorio/Aplicacion_web/Genesis_profesional/vendor/laravel/framework/src/Illuminate/Foundation/Http/Middleware/ConvertEmptyStringsToNull.php(31): Illuminate/Foundation/Http/Middleware/TransformsRequest->handle(Object(Illuminate/Http/Request), Object(Closure))
#27 C:/Users/josec/OneDrive/Escritorio/Aplicacion_web/Genesis_profesional/vendor/laravel/framework/src/Illuminate/Pipeline/Pipeline.php(219): Illuminate/Foundation/Http/Middleware/ConvertEmptyStringsToNull->handle(Object(Illuminate/Http/Request), Object(Closure))
#28 C:/Users/josec/OneDrive/Escritorio/Aplicacion_web/Genesis_profesional/vendor/laravel/framework/src/Illuminate/Foundation/Http/Middleware/TransformsRequest.php(21): Illuminate/Pipeline/Pipeline->Illuminate/Pipeline/{closure}(Object(Illuminate/Http/Request))
#29 C:/Users/josec/OneDrive/Escritorio/Aplicacion_web/Genesis_profesional/vendor/laravel/framework/src/Illuminate/Foundation/Http/Middleware/TrimStrings.php(51): Illuminate/Foundation/Http/Middleware/TransformsRequest->handle(Object(Illuminate/Http/Request), Object(Closure))
#30 C:/Users/josec/OneDrive/Escritorio/Aplicacion_web/Genesis_profesional/vendor/laravel/framework/src/Illuminate/Pipeline/Pipeline.php(219): Illuminate/Foundation/Http/Middleware/TrimStrings->handle(Object(Illuminate/Http/Request), Object(Closure))
#31 C:/Users/josec/OneDrive/Escritorio/Aplicacion_web/Genesis_profesional/vendor/laravel/framework/src/Illuminate/Http/Middleware/ValidatePostSize.php(27): Illuminate/Pipeline/Pipeline->Illuminate/Pipeline/{closure}(Object(Illuminate/Http/Request))
#32 C:/Users/josec/OneDrive/Escritorio/Aplicacion_web/Genesis_profesional/vendor/laravel/framework/src/Illuminate/Pipeline/Pipeline.php(219): Illuminate/Http/Middleware/ValidatePostSize->handle(Object(Illuminate/Http/Request), Object(Closure))
#33 C:/Users/josec/OneDrive/Escritorio/Aplicacion_web/Genesis_profesional/vendor/laravel/framework/src/Illuminate/Foundation/Http/Middleware/PreventRequestsDuringMaintenance.php(109): Illuminate/Pipeline/Pipeline->Illuminate/Pipeline/{closure}(Object(Illuminate/Http/Request))
#34 C:/Users/josec/OneDrive/Escritorio/Aplicacion_web/Genesis_profesional/vendor/laravel/framework/src/Illuminate/Pipeline/Pipeline.php(219): Illuminate/Foundation/Http/Middleware/PreventRequestsDuringMaintenance->handle(Object(Illuminate/Http/Request), Object(Closure))
#35 C:/Users/josec/OneDrive/Escritorio/Aplicacion_web/Genesis_profesional/vendor/laravel/framework/src/Illuminate/Http/Middleware/HandleCors.php(74): Illuminate/Pipeline/Pipeline->Illuminate/Pipeline/{closure}(Object(Illuminate/Http/Request))
#36 C:/Users/josec/OneDrive/Escritorio/Aplicacion_web/Genesis_profesional/vendor/laravel/framework/src/Illuminate/Pipeline/Pipeline.php(219): Illuminate/Http/Middleware/HandleCors->handle(Object(Illuminate/Http/Request), Object(Closure))
#37 C:/Users/josec/OneDrive/Escritorio/Aplicacion_web/Genesis_profesional/vendor/laravel/framework/src/Illuminate/Http/Middleware/TrustProxies.php(58): Illuminate/Pipeline/Pipeline->Illuminate/Pipeline/{closure}(Object(Illuminate/Http/Request))
#38 C:/Users/josec/OneDrive/Escritorio/Aplicacion_web/Genesis_profesional/vendor/laravel/framework/src/Illuminate/Pipeline/Pipeline.php(219): Illuminate/Http/Middleware/TrustProxies->handle(Object(Illuminate/Http/Request), Object(Closure))
#39 C:/Users/josec/OneDrive/Escritorio/Aplicacion_web/Genesis_profesional/vendor/laravel/framework/src/Illuminate/Foundation/Http/Middleware/InvokeDeferredCallbacks.php(22): Illuminate/Pipeline/Pipeline->Illuminate/Pipeline/{closure}(Object(Illuminate/Http/Request))
#40 C:/Users/josec/OneDrive/Escritorio/Aplicacion_web/Genesis_profesional/vendor/laravel/framework/src/Illuminate/Pipeline/Pipeline.php(219): Illuminate/Foundation/Http/Middleware/InvokeDeferredCallbacks->handle(Object(Illuminate/Http/Request), Object(Closure))
#41 C:/Users/josec/OneDrive/Escritorio/Aplicacion_web/Genesis_profesional/vendor/laravel/framework/src/Illuminate/Http/Middleware/ValidatePathEncoding.php(26): Illuminate/Pipeline/Pipeline->Illuminate/Pipeline/{closure}(Object(Illuminate/Http/Request))
#42 C:/Users/josec/OneDrive/Escritorio/Aplicacion_web/Genesis_profesional/vendor/laravel/framework/src/Illuminate/Pipeline/Pipeline.php(219): Illuminate/Http/Middleware/ValidatePathEncoding->handle(Object(Illuminate/Http/Request), Object(Closure))
#43 C:/Users/josec/OneDrive/Escritorio/Aplicacion_web/Genesis_profesional/vendor/laravel/framework/src/Illuminate/Pipeline/Pipeline.php(137): Illuminate/Pipeline/Pipeline->Illuminate/Pipeline/{closure}(Object(Illuminate/Http/Request))
#44 C:/Users/josec/OneDrive/Escritorio/Aplicacion_web/Genesis_profesional/vendor/laravel/framework/src/Illuminate/Foundation/Http/Kernel.php(175): Illuminate/Pipeline/Pipeline->then(Object(Closure))
#45 C:/Users/josec/OneDrive/Escritorio/Aplicacion_web/Genesis_profesional/vendor/laravel/framework/src/Illuminate/Foundation/Http/Kernel.php(144): Illuminate/Foundation/Http/Kernel->sendRequestThroughRouter(Object(Illuminate/Http/Request))
#46 C:/Users/josec/OneDrive/Escritorio/Aplicacion_web/Genesis_profesional/vendor/laravel/framework/src/Illuminate/Foundation/Application.php(1220): Illuminate/Foundation/Http/Kernel->handle(Object(Illuminate/Http/Request))
#47 C:/Users/josec/OneDrive/Escritorio/Aplicacion_web/Genesis_profesional/public/index.php(20): Illuminate/Foundation/Application->handleRequest(Object(Illuminate/Http/Request))
#48 C:/Users/josec/OneDrive/Escritorio/Aplicacion_web/Genesis_profesional/vendor/laravel/framework/src/Illuminate/Foundation/resources/server.php(23): require_once('C://Users//josec//...')
#49 {main}
"} 
[2026-06-18 08:00:41] local.ERROR: Class "App\Models\PersonalAdministrativo" not found {"exception":"[object] (Error(code: 0): Class \"App\\Models\\PersonalAdministrativo\" not found at C:/Users/josec/OneDrive/Escritorio/Aplicacion_web/Genesis_profesional/app/Http/Controllers/AuthController.php:51)
[stacktrace]
#0 C:/Users/josec/OneDrive/Escritorio/Aplicacion_web/Genesis_profesional/vendor/laravel/framework/src/Illuminate/Routing/ControllerDispatcher.php(46): App/Http/Controllers/AuthController->login(Object(Illuminate/Http/Request))
#1 C:/Users/josec/OneDrive/Escritorio/Aplicacion_web/Genesis_profesional/vendor/laravel/framework/src/Illuminate/Routing/Route.php(265): Illuminate/Routing/ControllerDispatcher->dispatch(Object(Illuminate/Routing/Route), Object(App/Http/Controllers/AuthController), 'login')
#2 C:/Users/josec/OneDrive/Escritorio/Aplicacion_web/Genesis_profesional/vendor/laravel/framework/src/Illuminate/Routing/Route.php(211): Illuminate/Routing/Route->runController()
#3 C:/Users/josec/OneDrive/Escritorio/Aplicacion_web/Genesis_profesional/vendor/laravel/framework/src/Illuminate/Routing/Router.php(822): Illuminate/Routing/Route->run()
#4 C:/Users/josec/OneDrive/Escritorio/Aplicacion_web/Genesis_profesional/vendor/laravel/framework/src/Illuminate/Pipeline/Pipeline.php(180): Illuminate/Routing/Router->Illuminate/Routing/{closure}(Object(Illuminate/Http/Request))
#5 C:/Users/josec/OneDrive/Escritorio/Aplicacion_web/Genesis_profesional/vendor/laravel/framework/src/Illuminate/Routing/Middleware/SubstituteBindings.php(50): Illuminate/Pipeline/Pipeline->Illuminate/Pipeline/{closure}(Object(Illuminate/Http/Request))
#6 C:/Users/josec/OneDrive/Escritorio/Aplicacion_web/Genesis_profesional/vendor/laravel/framework/src/Illuminate/Pipeline/Pipeline.php(219): Illuminate/Routing/Middleware/SubstituteBindings->handle(Object(Illuminate/Http/Request), Object(Closure))
#7 C:/Users/josec/OneDrive/Escritorio/Aplicacion_web/Genesis_profesional/vendor/laravel/framework/src/Illuminate/Foundation/Http/Middleware/VerifyCsrfToken.php(87): Illuminate/Pipeline/Pipeline->Illuminate/Pipeline/{closure}(Object(Illuminate/Http/Request))
#8 C:/Users/josec/OneDrive/Escritorio/Aplicacion_web/Genesis_profesional/vendor/laravel/framework/src/Illuminate/Pipeline/Pipeline.php(219): Illuminate/Foundation/Http/Middleware/VerifyCsrfToken->handle(Object(Illuminate/Http/Request), Object(Closure))
#9 C:/Users/josec/OneDrive/Escritorio/Aplicacion_web/Genesis_profesional/vendor/laravel/framework/src/Illuminate/View/Middleware/ShareErrorsFromSession.php(48): Illuminate/Pipeline/Pipeline->Illuminate/Pipeline/{closure}(Object(Illuminate/Http/Request))
#10 C:/Users/josec/OneDrive/Escritorio/Aplicacion_web/Genesis_profesional/vendor/laravel/framework/src/Illuminate/Pipeline/Pipeline.php(219): Illuminate/View/Middleware/ShareErrorsFromSession->handle(Object(Illuminate/Http/Request), Object(Closure))
#11 C:/Users/josec/OneDrive/Escritorio/Aplicacion_web/Genesis_profesional/vendor/laravel/framework/src/Illuminate/Session/Middleware/StartSession.php(120): Illuminate/Pipeline/Pipeline->Illuminate/Pipeline/{closure}(Object(Illuminate/Http/Request))
#12 C:/Users/josec/OneDrive/Escritorio/Aplicacion_web/Genesis_profesional/vendor/laravel/framework/src/Illuminate/Session/Middleware/StartSession.php(63): Illuminate/Session/Middleware/StartSession->handleStatefulRequest(Object(Illuminate/Http/Request), Object(Illuminate/Session/Store), Object(Closure))
#13 C:/Users/josec/OneDrive/Escritorio/Aplicacion_web/Genesis_profesional/vendor/laravel/framework/src/Illuminate/Pipeline/Pipeline.php(219): Illuminate/Session/Middleware/StartSession->handle(Object(Illuminate/Http/Request), Object(Closure))
#14 C:/Users/josec/OneDrive/Escritorio/Aplicacion_web/Genesis_profesional/vendor/laravel/framework/src/Illuminate/Cookie/Middleware/AddQueuedCookiesToResponse.php(36): Illuminate/Pipeline/Pipeline->Illuminate/Pipeline/{closure}(Object(Illuminate/Http/Request))
#15 C:/Users/josec/OneDrive/Escritorio/Aplicacion_web/Genesis_profesional/vendor/laravel/framework/src/Illuminate/Pipeline/Pipeline.php(219): Illuminate/Cookie/Middleware/AddQueuedCookiesToResponse->handle(Object(Illuminate/Http/Request), Object(Closure))
#16 C:/Users/josec/OneDrive/Escritorio/Aplicacion_web/Genesis_profesional/vendor/laravel/framework/src/Illuminate/Cookie/Middleware/EncryptCookies.php(74): Illuminate/Pipeline/Pipeline->Illuminate/Pipeline/{closure}(Object(Illuminate/Http/Request))
#17 C:/Users/josec/OneDrive/Escritorio/Aplicacion_web/Genesis_profesional/vendor/laravel/framework/src/Illuminate/Pipeline/Pipeline.php(219): Illuminate/Cookie/Middleware/EncryptCookies->handle(Object(Illuminate/Http/Request), Object(Closure))
#18 C:/Users/josec/OneDrive/Escritorio/Aplicacion_web/Genesis_profesional/vendor/laravel/framework/src/Illuminate/Pipeline/Pipeline.php(137): Illuminate/Pipeline/Pipeline->Illuminate/Pipeline/{closure}(Object(Illuminate/Http/Request))
#19 C:/Users/josec/OneDrive/Escritorio/Aplicacion_web/Genesis_profesional/vendor/laravel/framework/src/Illuminate/Routing/Router.php(821): Illuminate/Pipeline/Pipeline->then(Object(Closure))
#20 C:/Users/josec/OneDrive/Escritorio/Aplicacion_web/Genesis_profesional/vendor/laravel/framework/src/Illuminate/Routing/Router.php(800): Illuminate/Routing/Router->runRouteWithinStack(Object(Illuminate/Routing/Route), Object(Illuminate/Http/Request))
#21 C:/Users/josec/OneDrive/Escritorio/Aplicacion_web/Genesis_profesional/vendor/laravel/framework/src/Illuminate/Routing/Router.php(764): Illuminate/Routing/Router->runRoute(Object(Illuminate/Http/Request), Object(Illuminate/Routing/Route))
#22 C:/Users/josec/OneDrive/Escritorio/Aplicacion_web/Genesis_profesional/vendor/laravel/framework/src/Illuminate/Routing/Router.php(753): Illuminate/Routing/Router->dispatchToRoute(Object(Illuminate/Http/Request))
#23 C:/Users/josec/OneDrive/Escritorio/Aplicacion_web/Genesis_profesional/vendor/laravel/framework/src/Illuminate/Foundation/Http/Kernel.php(200): Illuminate/Routing/Router->dispatch(Object(Illuminate/Http/Request))
#24 C:/Users/josec/OneDrive/Escritorio/Aplicacion_web/Genesis_profesional/vendor/laravel/framework/src/Illuminate/Pipeline/Pipeline.php(180): Illuminate/Foundation/Http/Kernel->Illuminate/Foundation/Http/{closure}(Object(Illuminate/Http/Request))
#25 C:/Users/josec/OneDrive/Escritorio/Aplicacion_web/Genesis_profesional/vendor/laravel/framework/src/Illuminate/Foundation/Http/Middleware/TransformsRequest.php(21): Illuminate/Pipeline/Pipeline->Illuminate/Pipeline/{closure}(Object(Illuminate/Http/Request))
#26 C:/Users/josec/OneDrive/Escritorio/Aplicacion_web/Genesis_profesional/vendor/laravel/framework/src/Illuminate/Foundation/Http/Middleware/ConvertEmptyStringsToNull.php(31): Illuminate/Foundation/Http/Middleware/TransformsRequest->handle(Object(Illuminate/Http/Request), Object(Closure))
#27 C:/Users/josec/OneDrive/Escritorio/Aplicacion_web/Genesis_profesional/vendor/laravel/framework/src/Illuminate/Pipeline/Pipeline.php(219): Illuminate/Foundation/Http/Middleware/ConvertEmptyStringsToNull->handle(Object(Illuminate/Http/Request), Object(Closure))
#28 C:/Users/josec/OneDrive/Escritorio/Aplicacion_web/Genesis_profesional/vendor/laravel/framework/src/Illuminate/Foundation/Http/Middleware/TransformsRequest.php(21): Illuminate/Pipeline/Pipeline->Illuminate/Pipeline/{closure}(Object(Illuminate/Http/Request))
#29 C:/Users/josec/OneDrive/Escritorio/Aplicacion_web/Genesis_profesional/vendor/laravel/framework/src/Illuminate/Foundation/Http/Middleware/TrimStrings.php(51): Illuminate/Foundation/Http/Middleware/TransformsRequest->handle(Object(Illuminate/Http/Request), Object(Closure))
#30 C:/Users/josec/OneDrive/Escritorio/Aplicacion_web/Genesis_profesional/vendor/laravel/framework/src/Illuminate/Pipeline/Pipeline.php(219): Illuminate/Foundation/Http/Middleware/TrimStrings->handle(Object(Illuminate/Http/Request), Object(Closure))
#31 C:/Users/josec/OneDrive/Escritorio/Aplicacion_web/Genesis_profesional/vendor/laravel/framework/src/Illuminate/Http/Middleware/ValidatePostSize.php(27): Illuminate/Pipeline/Pipeline->Illuminate/Pipeline/{closure}(Object(Illuminate/Http/Request))
#32 C:/Users/josec/OneDrive/Escritorio/Aplicacion_web/Genesis_profesional/vendor/laravel/framework/src/Illuminate/Pipeline/Pipeline.php(219): Illuminate/Http/Middleware/ValidatePostSize->handle(Object(Illuminate/Http/Request), Object(Closure))
#33 C:/Users/josec/OneDrive/Escritorio/Aplicacion_web/Genesis_profesional/vendor/laravel/framework/src/Illuminate/Foundation/Http/Middleware/PreventRequestsDuringMaintenance.php(109): Illuminate/Pipeline/Pipeline->Illuminate/Pipeline/{closure}(Object(Illuminate/Http/Request))
#34 C:/Users/josec/OneDrive/Escritorio/Aplicacion_web/Genesis_profesional/vendor/laravel/framework/src/Illuminate/Pipeline/Pipeline.php(219): Illuminate/Foundation/Http/Middleware/PreventRequestsDuringMaintenance->handle(Object(Illuminate/Http/Request), Object(Closure))
#35 C:/Users/josec/OneDrive/Escritorio/Aplicacion_web/Genesis_profesional/vendor/laravel/framework/src/Illuminate/Http/Middleware/HandleCors.php(74): Illuminate/Pipeline/Pipeline->Illuminate/Pipeline/{closure}(Object(Illuminate/Http/Request))
#36 C:/Users/josec/OneDrive/Escritorio/Aplicacion_web/Genesis_profesional/vendor/laravel/framework/src/Illuminate/Pipeline/Pipeline.php(219): Illuminate/Http/Middleware/HandleCors->handle(Object(Illuminate/Http/Request), Object(Closure))
#37 C:/Users/josec/OneDrive/Escritorio/Aplicacion_web/Genesis_profesional/vendor/laravel/framework/src/Illuminate/Http/Middleware/TrustProxies.php(58): Illuminate/Pipeline/Pipeline->Illuminate/Pipeline/{closure}(Object(Illuminate/Http/Request))
#38 C:/Users/josec/OneDrive/Escritorio/Aplicacion_web/Genesis_profesional/vendor/laravel/framework/src/Illuminate/Pipeline/Pipeline.php(219): Illuminate/Http/Middleware/TrustProxies->handle(Object(Illuminate/Http/Request), Object(Closure))
#39 C:/Users/josec/OneDrive/Escritorio/Aplicacion_web/Genesis_profesional/vendor/laravel/framework/src/Illuminate/Foundation/Http/Middleware/InvokeDeferredCallbacks.php(22): Illuminate/Pipeline/Pipeline->Illuminate/Pipeline/{closure}(Object(Illuminate/Http/Request))
#40 C:/Users/josec/OneDrive/Escritorio/Aplicacion_web/Genesis_profesional/vendor/laravel/framework/src/Illuminate/Pipeline/Pipeline.php(219): Illuminate/Foundation/Http/Middleware/InvokeDeferredCallbacks->handle(Object(Illuminate/Http/Request), Object(Closure))
#41 C:/Users/josec/OneDrive/Escritorio/Aplicacion_web/Genesis_profesional/vendor/laravel/framework/src/Illuminate/Http/Middleware/ValidatePathEncoding.php(26): Illuminate/Pipeline/Pipeline->Illuminate/Pipeline/{closure}(Object(Illuminate/Http/Request))
#42 C:/Users/josec/OneDrive/Escritorio/Aplicacion_web/Genesis_profesional/vendor/laravel/framework/src/Illuminate/Pipeline/Pipeline.php(219): Illuminate/Http/Middleware/ValidatePathEncoding->handle(Object(Illuminate/Http/Request), Object(Closure))
#43 C:/Users/josec/OneDrive/Escritorio/Aplicacion_web/Genesis_profesional/vendor/laravel/framework/src/Illuminate/Pipeline/Pipeline.php(137): Illuminate/Pipeline/Pipeline->Illuminate/Pipeline/{closure}(Object(Illuminate/Http/Request))
#44 C:/Users/josec/OneDrive/Escritorio/Aplicacion_web/Genesis_profesional/vendor/laravel/framework/src/Illuminate/Foundation/Http/Kernel.php(175): Illuminate/Pipeline/Pipeline->then(Object(Closure))
#45 C:/Users/josec/OneDrive/Escritorio/Aplicacion_web/Genesis_profesional/vendor/laravel/framework/src/Illuminate/Foundation/Http/Kernel.php(144): Illuminate/Foundation/Http/Kernel->sendRequestThroughRouter(Object(Illuminate/Http/Request))
#46 C:/Users/josec/OneDrive/Escritorio/Aplicacion_web/Genesis_profesional/vendor/laravel/framework/src/Illuminate/Foundation/Application.php(1220): Illuminate/Foundation/Http/Kernel->handle(Object(Illuminate/Http/Request))
#47 C:/Users/josec/OneDrive/Escritorio/Aplicacion_web/Genesis_profesional/public/index.php(20): Illuminate/Foundation/Application->handleRequest(Object(Illuminate/Http/Request))
#48 C:/Users/josec/OneDrive/Escritorio/Aplicacion_web/Genesis_profesional/vendor/laravel/framework/src/Illuminate/Foundation/resources/server.php(23): require_once('C://Users//josec//...')
#49 {main}
"} 
[2026-06-18 11:14:10] local.DEBUG: From: Laravel <hello@example.com>
To: usss027724@ugb.edu.sv
Subject:  =?utf-8?Q?C=C3=B3digo?= de =?utf-8?Q?Verificaci=C3=B3n?= -
 =?utf-8?Q?G=C3=A9nesis?= Profesional
MIME-Version: 1.0
Date: Thu, 18 Jun 2026 11:14:10 +0000
Message-ID: <734a235d5b9ddbe6f8905f460534d730@example.com>
Content-Type: text/html; charset=utf-8
Content-Transfer-Encoding: quoted-printable

<!DOCTYPE html>
<html lang="es">
<head>
    <meta charset="UTF-8">
    <meta name="viewport" content="width=device-width, initial-scale=1.0">
    <title>Código de Verificación</title>
    <style>
        body {
            margin: 0; padding: 0;
            background-color: #F0F2F5;
            font-family: 'Segoe UI', Arial, sans-serif;
        }
        .wrapper {
            max-width: 560px;
            margin: 40px auto;
            background: #ffffff;
            border-radius: 12px;
            overflow: hidden;
            box-shadow: 0 4px 20px rgba(0,0,0,0.08);
        }
        .header {
            background-color: #010C67;
            padding: 32px 40px;
            text-align: center;
        }
        .header h1 {
            color: #ffffff;
            font-size: 24px;
            margin: 0;
            font-weight: 600;
            letter-spacing: 0.5px;
        }
        .header p {
            color: rgba(255,255,255,0.75);
            margin: 8px 0 0;
            font-size: 14px;
        }
        .body {
            padding: 36px 40px;
        }
        .body p {
            color: #444;
            font-size: 15px;
            line-height: 1.6;
            margin: 0 0 16px;
        }
        .code-container {
            background: #F4F6FB;
            border: 2px dashed #010C67;
            border-radius: 10px;
            text-align: center;
            padding: 24px 20px;
            margin: 24px 0;
        }
        .code-label {
            font-size: 12px;
            color: #888;
            text-transform: uppercase;
            letter-spacing: 1.5px;
            margin-bottom: 10px;
            display: block;
        }
        .code {
            font-size: 42px;
            font-weight: 700;
            color: #010C67;
            letter-spacing: 12px;
            font-family: 'Courier New', monospace;
        }
        .expiry {
            font-size: 13px;
            color: #67000F;
            font-weight: 600;
            text-align: center;
            margin-top: 0;
        }
        .divider {
            border: none;
            border-top: 1px solid #EEEEEE;
            margin: 28px 0;
        }
        .footer {
            background-color: #F8F9FA;
            padding: 20px 40px;
            text-align: center;
            border-top: 1px solid #EEEEEE;
        }
        .footer p {
            font-size: 12px;
            color: #999;
            margin: 4px 0;
        }
        .footer strong {
            color: #010C67;
        }
        .warning-box {
            background: #FFF8E1;
            border-left: 4px solid #FFB75B;
            border-radius: 4px;
            padding: 12px 16px;
            margin-top: 16px;
        }
        .warning-box p {
            font-size: 13px;
            color: #555;
            margin: 0;
        }
    </style>
</head>
<body>
    <div class="wrapper">

        <!-- Header -->
        <div class="header">
            <h1>Génesis Profesional</h1>
            <p>Sistema de Gestión de Pasantías · UGB</p>
        </div>

        <!-- Body -->
        <div class="body">
            <p>Hola,</p>
            <p>
                Recibimos una solicitud para restablecer la contraseña asociada al correo
                <strong>usss027724@ugb.edu.sv</strong>.
                Usa el siguiente código de verificación:
            </p>

            <div class="code-container">
                <span class="code-label">Tu código de verificación</span>
                <div class="code">669939</div>
            </div>

            <p class="expiry">⏱ Este código expira en <strong>15 minutos</strong>.</p>

            <hr class="divider">

            <div class="warning-box">
                <p>
                    🔒 Si <strong>no solicitaste</strong> este código, ignora este correo.
                    Tu contraseña <strong>no será cambiada</strong> a menos que ingreses el código.
                </p>
            </div>
        </div>

        <!-- Footer -->
        <div class="footer">
            <p><strong>Génesis Profesional</strong> · Universidad Gerardo Barrios</p>
            <p>Este es un correo automático, por favor no respondas.</p>
        </div>

    </div>
</body>
</html>
  
[2026-06-18 11:16:50] local.DEBUG: From: Laravel <hello@example.com>
To: usss027724@ugb.edu.sv
Subject:  =?utf-8?Q?C=C3=B3digo?= de =?utf-8?Q?Verificaci=C3=B3n?= -
 =?utf-8?Q?G=C3=A9nesis?= Profesional
MIME-Version: 1.0
Date: Thu, 18 Jun 2026 11:16:50 +0000
Message-ID: <68ef1f6975f7f87a47b6be40e87e5a5c@example.com>
Content-Type: text/html; charset=utf-8
Content-Transfer-Encoding: quoted-printable

<!DOCTYPE html>
<html lang="es">
<head>
    <meta charset="UTF-8">
    <meta name="viewport" content="width=device-width, initial-scale=1.0">
    <title>Código de Verificación</title>
    <style>
        body {
            margin: 0; padding: 0;
            background-color: #F0F2F5;
            font-family: 'Segoe UI', Arial, sans-serif;
        }
        .wrapper {
            max-width: 560px;
            margin: 40px auto;
            background: #ffffff;
            border-radius: 12px;
            overflow: hidden;
            box-shadow: 0 4px 20px rgba(0,0,0,0.08);
        }
        .header {
            background-color: #010C67;
            padding: 32px 40px;
            text-align: center;
        }
        .header h1 {
            color: #ffffff;
            font-size: 24px;
            margin: 0;
            font-weight: 600;
            letter-spacing: 0.5px;
        }
        .header p {
            color: rgba(255,255,255,0.75);
            margin: 8px 0 0;
            font-size: 14px;
        }
        .body {
            padding: 36px 40px;
        }
        .body p {
            color: #444;
            font-size: 15px;
            line-height: 1.6;
            margin: 0 0 16px;
        }
        .code-container {
            background: #F4F6FB;
            border: 2px dashed #010C67;
            border-radius: 10px;
            text-align: center;
            padding: 24px 20px;
            margin: 24px 0;
        }
        .code-label {
            font-size: 12px;
            color: #888;
            text-transform: uppercase;
            letter-spacing: 1.5px;
            margin-bottom: 10px;
            display: block;
        }
        .code {
            font-size: 42px;
            font-weight: 700;
            color: #010C67;
            letter-spacing: 12px;
            font-family: 'Courier New', monospace;
        }
        .expiry {
            font-size: 13px;
            color: #67000F;
            font-weight: 600;
            text-align: center;
            margin-top: 0;
        }
        .divider {
            border: none;
            border-top: 1px solid #EEEEEE;
            margin: 28px 0;
        }
        .footer {
            background-color: #F8F9FA;
            padding: 20px 40px;
            text-align: center;
            border-top: 1px solid #EEEEEE;
        }
        .footer p {
            font-size: 12px;
            color: #999;
            margin: 4px 0;
        }
        .footer strong {
            color: #010C67;
        }
        .warning-box {
            background: #FFF8E1;
            border-left: 4px solid #FFB75B;
            border-radius: 4px;
            padding: 12px 16px;
            margin-top: 16px;
        }
        .warning-box p {
            font-size: 13px;
            color: #555;
            margin: 0;
        }
    </style>
</head>
<body>
    <div class="wrapper">

        <!-- Header -->
        <div class="header">
            <h1>Génesis Profesional</h1>
            <p>Sistema de Gestión de Pasantías · UGB</p>
        </div>

        <!-- Body -->
        <div class="body">
            <p>Hola,</p>
            <p>
                Recibimos una solicitud para restablecer la contraseña asociada al correo
                <strong>usss027724@ugb.edu.sv</strong>.
                Usa el siguiente código de verificación:
            </p>

            <div class="code-container">
                <span class="code-label">Tu código de verificación</span>
                <div class="code">611498</div>
            </div>

            <p class="expiry">⏱ Este código expira en <strong>15 minutos</strong>.</p>

            <hr class="divider">

            <div class="warning-box">
                <p>
                    🔒 Si <strong>no solicitaste</strong> este código, ignora este correo.
                    Tu contraseña <strong>no será cambiada</strong> a menos que ingreses el código.
                </p>
            </div>
        </div>

        <!-- Footer -->
        <div class="footer">
            <p><strong>Génesis Profesional</strong> · Universidad Gerardo Barrios</p>
            <p>Este es un correo automático, por favor no respondas.</p>
        </div>

    </div>
</body>
</html>
  
[2026-06-18 11:23:12] local.ERROR: Error enviando correo: Failed to authenticate on SMTP server with username "eme9769@gmail.com" using the following authenticators: "CRAM-MD5", "LOGIN", "PLAIN". Authenticator "CRAM-MD5" returned "Expected response code "235" but got code "535", with message "535 5.7.8 Authentication failed".". Authenticator "LOGIN" returned "Expected response code "235" but got code "535", with message "535 5.7.8 Authentication failed".". Authenticator "PLAIN" returned "Expected response code "235" but got code "535", with message "535 5.7.8 Authentication failed".".  
[2026-06-18 11:23:12] local.INFO: === CÓDIGO DEV para usss027724@ugb.edu.sv: 672096 ===  
[2026-06-18 11:23:17] local.ERROR: Error enviando correo: Failed to authenticate on SMTP server with username "eme9769@gmail.com" using the following authenticators: "CRAM-MD5", "LOGIN", "PLAIN". Authenticator "CRAM-MD5" returned "Expected response code "235" but got code "535", with message "535 5.7.8 Authentication failed".". Authenticator "LOGIN" returned "Expected response code "235" but got code "535", with message "535 5.7.8 Authentication failed".". Authenticator "PLAIN" returned "Expected response code "235" but got code "535", with message "535 5.7.8 Authentication failed".".  
[2026-06-18 11:23:17] local.INFO: === CÓDIGO DEV para usss027724@ugb.edu.sv: 704201 ===  
[2026-06-18 11:23:21] local.ERROR: Error enviando correo: Failed to authenticate on SMTP server with username "eme9769@gmail.com" using the following authenticators: "CRAM-MD5", "LOGIN", "PLAIN". Authenticator "CRAM-MD5" returned "Expected response code "235" but got code "535", with message "535 5.7.8 Authentication failed".". Authenticator "LOGIN" returned "Expected response code "235" but got code "535", with message "535 5.7.8 Authentication failed".". Authenticator "PLAIN" returned "Expected response code "235" but got code "535", with message "535 5.7.8 Authentication failed".".  
[2026-06-18 11:23:21] local.INFO: === CÓDIGO DEV para usss027724@ugb.edu.sv: 227745 ===  
[2026-06-18 11:23:25] local.ERROR: Error enviando correo: Failed to authenticate on SMTP server with username "eme9769@gmail.com" using the following authenticators: "CRAM-MD5", "LOGIN", "PLAIN". Authenticator "CRAM-MD5" returned "Expected response code "235" but got code "535", with message "535 5.7.8 Authentication failed".". Authenticator "LOGIN" returned "Expected response code "235" but got code "535", with message "535 5.7.8 Authentication failed".". Authenticator "PLAIN" returned "Expected response code "235" but got code "535", with message "535 5.7.8 Authentication failed".".  
[2026-06-18 11:23:25] local.INFO: === CÓDIGO DEV para usss027724@ugb.edu.sv: 112220 ===  
[2026-06-18 11:26:49] local.ERROR: Error enviando correo: Failed to authenticate on SMTP server with username "eme9769@gmail.com" using the following authenticators: "CRAM-MD5", "LOGIN", "PLAIN". Authenticator "CRAM-MD5" returned "Expected response code "235" but got code "535", with message "535 5.7.8 Authentication failed".". Authenticator "LOGIN" returned "Expected response code "235" but got code "535", with message "535 5.7.8 Authentication failed".". Authenticator "PLAIN" returned "Expected response code "235" but got code "535", with message "535 5.7.8 Authentication failed".".  
[2026-06-18 11:26:49] local.INFO: === CÓDIGO DEV para usss027724@ugb.edu.sv: 331214 ===  
[2026-06-18 11:26:57] local.ERROR: Error enviando correo: Failed to authenticate on SMTP server with username "eme9769@gmail.com" using the following authenticators: "CRAM-MD5", "LOGIN", "PLAIN". Authenticator "CRAM-MD5" returned "Expected response code "235" but got code "535", with message "535 5.7.8 Authentication failed".". Authenticator "LOGIN" returned "Expected response code "235" but got code "535", with message "535 5.7.8 Authentication failed".". Authenticator "PLAIN" returned "Expected response code "235" but got code "535", with message "535 5.7.8 Authentication failed".".  
[2026-06-18 11:26:57] local.INFO: === CÓDIGO DEV para usss027724@ugb.edu.sv: 528943 ===  
